0.0000000,-0.0731040,0.0549444,0.1497180,-0.0106899,-0.1160430,0.4041269,0.4413552,1.8393670
0.0000056,0.0785074,-0.0610834,-0.1889050,0.3896397,0.4965058,0.3629892,0.8321022,2.1519282
0.0000112,-0.1253806,-0.3131586,0.3457630,0.3030308,0.2240449,0.1389902,0.7388405,1.5851556
0.0000169,0.1012735,0.0807012,0.1853626,0.0895908,0.2768403,0.2573984,0.7020974,1.2999994
0.0000225,0.0530252,0.0763677,-0.0835583,0.1375645,0.3065644,0.0496958,1.4311013,1.5736200
0.0000281,-0.1984702,0.0077032,0.3289783,-0.2397549,0.4886323,0.4044932,1.2257791,1.5018426
0.0000337,-0.0282126,0.2180303,-0.1027234,0.2709263,0.5346528,0.2401255,0.9274392,1.9038202
0.0000394,0.1326455,0.1565069,0.5211170,0.3266514,0.3925630,0.5459726,0.7114968,1.3671991
0.0000450,0.0699319,-0.0243403,0.2048938,0.4512852,0.1090547,0.3274668,0.5955300,1.7610589
0.0000506,-0.0945273,-0.4676386,-0.2612927,-0.1254971,0.1089936,0.2937143,1.1867166,1.1271478
0.0000562,0.3022622,-0.0383783,0.2694080,0.2296055,0.2639619,0.2649668,0.3227029,1.1296502
0.0000618,-0.0016318,-0.1178461,0.1573474,0.0364902,0.7393647,0.3959482,0.8032936,1.1208001
0.0000675,-0.1046897,0.2686895,0.0518787,0.0782383,0.1442109,0.3325327,0.6572976,0.8214837
0.0000731,0.3215188,0.4139532,-0.2297375,0.0209263,0.2149507,0.5420054,0.8957009,1.1712152
0.0000787,-0.0038901,-0.2414423,0.1005847,0.2567051,0.1349946,0.2672251,0.1944069,1.2270013
0.0000843,-0.3408652,-0.3396479,-0.0387585,0.5294712,0.3004609,0.8751963,0.7782692,0.5274163
0.0000900,0.0384073,0.0795416,-0.1173108,0.2752598,0.3483735,0.1015146,0.4451394,1.4897577
0.0000956,0.0863809,-0.1158930,0.0066516,0.2239902,0.1497041,0.4309214,0.4599099,1.2453119
0.0001012,0.0567789,0.1394781,0.1041248,0.2394932,0.0859223,0.1528452,0.6577858,1.1307489
0.0001068,0.1176309,0.1295904,0.0447986,0.2250278,-0.0959624,0.7940195,0.5755104,1.2590448
0.0001124,-0.0607138,-0.0905024,0.0609729,-0.0545742,0.5760347,0.8642099,0.5116677,0.6570550
0.0001181,0.1180887,0.2097906,-0.0917981,0.0139072,0.0419770,0.0785044,0.8280739,0.5996209
0.0001237,0.4331521,-0.0166498,0.3714588,-0.2699673,0.1415864,0.7048472,0.2294411,0.5275995
0.0001293,0.1514749,0.2801641,0.3402088,-0.0694057,-0.0527495,0.2591074,1.0097146,0.3841058
0.0001349,-0.4618064,0.0932134,-0.0492566,0.0134800,0.2076875,0.6861704,0.0104470,0.8024408
0.0001406,-0.1994162,0.2348150,0.2590930,0.1384800,-0.1748809,0.1295298,0.7609352,0.9827386
0.0001462,-0.1486045,-0.2219111,-0.1690075,0.0351475,-0.1502227,0.2110727,0.4557595,0.8292962
0.0001518,0.2506265,0.0491461,0.1461780,0.2696446,0.4644624,0.2206552,0.2539773,0.8490716
0.0001574,0.2296914,0.2301763,-0.0741589,0.0516880,0.4413911,-0.0190908,-0.0005393,1.2373163
0.0001630,0.1548013,-0.2888666,0.1592395,-0.1823208,0.4342500,0.0639170,0.4041238,1.0378534
0.0001687,0.1047525,0.6321539,0.1412952,-0.3401577,-0.1721953,0.3160532,0.4379372,1.0379754
0.0001743,0.0636758,0.1520513,0.0444934,0.2946079,0.0221406,0.8938120,0.3723855,1.1009027
0.0001799,-0.1517172,-0.0668207,0.5599353,0.3407505,0.6380464,-0.0587637,0.5875954,0.5839349
0.0001855,-0.0173483,0.2192511,-0.0871594,-0.3694546,0.1628877,0.4809702,0.4633279,0.7888910
0.0001912,0.0869302,-0.2527949,-0.2818005,0.1845005,-0.0255279,0.6419809,0.2573952,1.1724969
0.0001968,-0.2628928,0.2661871,0.4055164,-0.1508877,0.4144135,0.1685923,1.2227273,0.8637201
0.0002024,-0.0013877,0.1698126,-0.0197156,-0.1059048,0.1104585,0.1432016,0.3728738,0.8268548
0.0002080,-0.0388938,-0.2243525,-0.1530163,0.2225864,-0.0652617,0.3241099,-0.0713401,0.6911737
0.0002136,-0.0756369,0.1082891,0.2915637,-0.2672207,-0.0003203,0.2895029,-0.0922141,0.5024530
0.0002193,0.0332803,-0.2850825,0.0823963,-0.1030972,0.0212251,0.4822519,0.8045143,0.9328729
0.0002249,0.2420816,0.2375616,-0.1438000,-0.2805874,0.0180512,-0.0310537,0.6796364,0.7264520
0.0002305,0.0276651,0.2951177,-0.4096692,0.2460239,0.2063447,0.5718516,0.5291237,0.6327630
0.0002361,-0.0388327,-0.2794672,0.0861194,0.1652744,-0.2177276,0.4479502,0.5936989,0.4296380
0.0002418,0.0421304,0.3767828,-0.1983044,-0.1350185,0.1960908,0.4025400,0.9343972,0.6164056
0.0002474,0.0554361,0.4109014,-0.0894177,0.0233067,-0.1112823,0.3006113,0.4321999,1.1953241
0.0002530,0.2658243,-0.2620112,0.0202014,-0.1900112,-0.0438384,0.2868174,0.8179421,0.8504144
0.0002586,0.1133584,-0.1814447,-0.2557385,-0.0573818,0.1649629,0.5947397,0.7549538,0.6654779
0.0002642,-0.0348349,0.1574835,0.3331287,-0.2716762,-0.2826690,0.4558848,0.8401589,0.2437860
0.0002699,-0.0270835,-0.3501459,0.1573474,-0.1886074,-0.2335967,0.9063852,0.5159401,0.4931756
0.0002755,-0.2857199,-0.0468012,-0.0031140,-0.2292568,-0.2234038,0.4143198,0.8799538,0.6041375
0.0002811,-0.3355551,-0.0995966,-0.0574963,0.0899570,-0.0457305,0.5463999,0.4317116,0.3353997
0.0002867,-0.0380087,0.2002691,0.4186389,0.1403110,0.3690644,0.5619028,-0.0106712,0.9345208
0.0002924,0.1859292,0.0124029,0.0990589,0.1252354,-0.1950835,0.4344614,0.2860818,0.7818109
0.0002980,0.0414285,-0.4643427,0.4076526,0.1774815,0.0558930,0.0518320,-0.1681419,0.7551996
0.0003036,0.1005411,0.1338629,-0.2125866,-0.1309902,-0.4315337,0.5518320,0.2539773,0.7900506
0.0003092,-0.2908774,0.4887823,-0.1589367,0.0278233,0.1555024,0.0824106,0.6312966,0.8336297
0.0003148,0.0685586,0.0513433,0.2839954,-0.0966274,-0.2393340,0.4682139,0.6347145,1.0139276
0.0003205,0.0691385,-0.4068476,-0.0850842,-0.2138760,0.3298799,0.5092905,-0.0765891,0.4903070
0.0003261,0.2211770,0.1813482,0.1767566,0.4288853,0.2750092,-0.2494375,0.1653542,0.3961297
0.0003317,0.1013345,0.0556768,-0.5435803,-0.1453335,0.1616059,0.3189829,-0.0432640,0.2298700
0.0003373,-0.2868491,-0.3113276,0.2070301,-0.1661465,-0.3593291,0.1413706,-0.1914573,0.6065789
0.0003430,-0.0901023,0.4167608,0.0502918,0.0976475,-0.1961821,0.4190195,0.5938210,0.3544427
0.0003486,-0.0878134,0.3002447,-0.2465832,0.0392368,0.1519624,0.6366099,0.4634499,0.5898553
0.0003542,-0.0619650,0.0272955,-0.0301526,0.4312657,-0.0959014,0.4504526,0.0221657,0.1905023
0.0003598,-0.1945029,0.2750982,-0.6363537,0.1088779,-0.0075835,0.2490976,0.7169899,0.2902948
0.0003654,-0.0911399,0.0841802,-0.5363781,-0.0738003,0.2178804,0.3830698,0.4849343,0.4461175
0.0003711,-0.2190085,-0.2701899,-0.2943127,0.2760532,0.1636201,0.0872934,0.3524880,0.5160028
0.0003767,0.1684732,-0.0169550,-0.1711438,-0.2565395,0.1450654,0.2516001,0.2904763,0.3509027
0.0003823,0.2436075,-0.2181879,-0.1690686,0.2490757,-0.0435332,0.5085581,0.5230202,0.2425653
0.0003879,0.2509317,-0.0330073,-0.0245984,-0.2171719,0.0591279,-0.1371939,0.4385476,0.4012567
0.0003936,-0.1341086,0.0384649,0.1838977,0.1093662,0.6371919,0.4569224,0.3329568,0.4134637
0.0003992,0.0456705,-0.1511713,0.1470325,-0.0086147,-0.3949737,-0.0239126,0.2196755,0.4790765
0.0004048,-0.0802451,0.2968878,-0.0368664,-0.2053921,0.2325898,0.1211680,0.5217995,0.3560296
0.0004104,-0.1525107,-0.1221796,-0.4944470,-0.1948940,-0.1148833,0.3083628,-0.2013450,0.4152948
0.0004160,-0.1985922,-0.0816523,-0.3790295,0.1170567,0.2563325,0.5116099,0.6483864,0.3722650
0.0004217,-0.0156699,0.2069830,-0.0397351,-0.1237270,-0.1582183,0.1009043,0.6609597,0.4908563
0.0004273,0.0905008,-0.3572260,0.3153675,0.0833652,-0.1452788,-0.0512564,0.6458229,0.5937005
0.0004329,-0.2427512,-0.1135737,-0.3552868,-0.1543667,0.0685273,0.1908701,0.0290017,0.1098138
0.0004385,-0.1648703,-0.0424677,0.2204578,0.0035313,0.0755464,-0.1025869,0.5488991,0.4383050
0.0004442,-0.2898703,-0.1677118,0.0250843,0.1734531,0.4272920,0.0651377,0.3854470,0.6292840
0.0004498,-0.0694724,-0.3928095,0.2006824,0.0180576,0.5189058,0.1149424,0.1914773,0.5599481
0.0004554,0.1208047,0.1051763,-0.2316296,-0.2116787,-0.0128936,0.1936167,0.5326638,0.0280267
0.0004610,-0.2514487,-0.1465937,-0.1277478,0.0362461,-0.1076201,0.0772837,0.0293679,0.5130731
0.0004666,0.0111551,-0.2126337,-0.3765271,-0.1034023,0.0489961,0.7168711,0.1198220,0.2349359
0.0004723,-0.0608664,-0.2906977,0.2265003,-0.1044399,-0.1036529,0.1621836,0.2843728,0.3153802
0.0004779,0.1391458,0.4611944,0.1109607,-0.2847378,-0.5271758,0.4398325,0.1289773,0.1538812
0.0004835,0.1556558,-0.1190668,0.4486072,0.0476597,0.1196137,0.0763681,0.6984352,0.0922967
0.0004891,0.0071573,0.3814825,0.1625965,-0.2478725,-0.0112456,0.3286265,0.0418191,-0.0256842
0.0004948,0.1108865,-0.1736933,0.2788684,-0.3125088,0.1210786,-0.0691397,1.1005349,0.0824090
0.0005004,-0.1325522,-0.0288569,0.1817615,0.2261265,-0.0387114,0.1447275,0.4027810,0.5822259
0.0005060,-0.2181845,-0.3008295,0.4584949,-0.3905117,-0.3870391,0.1335581,0.2363991,0.1479608
0.0005116,0.2024087,0.3260626,0.1680896,-0.2956020,0.0811616,0.0510386,0.1477761,0.3283807
0.0005173,0.1365213,-0.1867548,0.0125110,-0.0586636,-0.1958770,0.0484140,1.1212869,0.2602655
0.0005229,-0.1086264,-0.3166376,0.0709827,0.3238438,-0.1765288,0.2421396,0.2711892,-0.0494879
0.0005285,-0.0221091,0.0254644,-0.0979016,0.1318882,0.2419282,0.6074961,0.8026833,0.0380365
0.0005341,0.2122354,0.3826421,-0.4172986,0.1203526,0.0726777,0.4116343,-0.1949974,0.3866693
0.0005397,-0.0402365,-0.1293818,-0.2225964,-0.0271694,-0.1952666,0.3156260,0.8482155,0.0955316
0.0005454,-0.0920249,-0.5863520,-0.1155408,0.0289829,-0.5948027,0.2039316,0.7017311,0.4130365
0.0005510,-0.1160422,0.0424932,-0.0123303,0.3274449,0.0522309,0.1464975,0.1060280,0.4240838
0.0005566,-0.2213278,-0.1874262,-0.1472790,0.0490025,0.0521699,0.2843760,0.1526589,0.4445916
0.0005622,0.2581338,0.0534185,0.3391101,-0.4973232,0.1674653,-0.0041983,0.8112282,0.1410638
0.0005679,0.3300638,-0.2511469,0.0177600,0.2800816,-0.0729522,0.8320444,0.5824685,-0.0515631
0.0005735,0.0262308,-0.2501704,-0.2992566,0.4135044,-0.4218291,-0.2335074,0.4966531,0.2893792
0.0005791,0.2819986,-0.0983149,-0.0892346,-0.0626919,0.3138276,0.2282846,-0.0079856,0.3285028
0.0005847,-0.1645041,0.1894049,0.1045520,-0.4236538,0.0456391,-0.3818838,0.6664528,0.2226678
0.0005903,0.0814371,-0.0278803,0.0549915,-0.0803921,-0.1383819,0.1906260,0.3616433,0.1446649
0.0005960,-0.0671836,-0.0577875,-0.4727185,0.0497959,-0.1868438,-0.2640859,0.4390359,0.4102899
0.0006016,0.1848306,-0.1125361,0.1723621,-0.3404629,0.0192109,0.2517832,0.5214333,0.1052972
0.0006072,0.0402078,0.0504888,-0.2694714,0.1210239,0.1724092,0.3763559,0.7710671,-0.0135382
0.0006128,0.3020791,-0.5170771,0.2327869,-0.1172573,-0.3397979,0.4282358,0.2979226,0.0167352
0.0006185,0.1587381,-0.0086542,-0.0370495,-0.3245327,0.3137666,0.0466440,0.3410134,0.1662103
0.0006241,0.3134927,0.3103765,-0.0538952,-0.3891079,-0.0147246,0.4927500,0.5210671,0.3244134
0.0006297,-0.0537863,-0.2327753,-0.3876965,-0.4915859,0.2311860,0.1053598,-0.0537620,0.2999383
0.0006353,0.0480203,-0.2532221,0.1370838,-0.3438808,-0.4565581,0.1073130,0.8443093,-0.1191291
0.0006409,0.1296243,0.1735968,-0.0578625,0.2670200,-0.1065215,0.3561533,0.1049294,-0.0210456
0.0006466,0.3097391,-0.0949579,-0.1809704,-0.4453823,0.4905854,-0.0088369,0.0963845,0.3491327
0.0006522,0.2818460,-0.1098505,-0.2103283,-0.0093472,-0.2282256,0.6234873,0.1933083,0.1356927
0.0006578,0.1599893,0.0333380,-0.0767224,-0.0011074,0.3168794,-0.0529654,-0.3732200,0.2478753
0.0006634,-0.0838767,-0.7984492,-0.1865857,0.0345982,-0.4181670,0.4569834,0.2506814,0.3214837
0.0006691,0.2361001,0.4872564,-0.5785534,0.1798618,0.0607759,0.4257944,-0.2965598,-0.0090216
0.0006747,-0.0213461,-0.2281977,-0.2495129,-0.0654385,-0.1012725,-0.3495352,0.5797829,0.0085565
0.0006803,0.2028055,-0.2711664,0.3096302,-0.1015713,-0.0525664,-0.2748281,0.2280983,0.3278314
0.0006859,0.4672403,0.2315191,0.0738513,0.0400913,-0.1446074,0.0952280,0.5106911,0.2734491
0.0006915,0.2929544,0.3020147,0.6561878,0.1561192,0.0311738,-0.2526724,0.2860818,0.0780755
0.0006972,0.4471597,-0.0515009,-0.2586071,0.0173862,-0.1797027,0.2677744,-0.1289573,0.2896234
0.0007028,0.3379678,-0.0071283,0.0635974,-0.5718471,-0.0966948,-0.0408804,0.4749245,0.0145990
0.0007084,0.0908365,0.4689459,0.1102893,-0.1153042,0.2411347,0.0026377,0.5802712,0.2639276
0.0007140,0.2823953,0.0454840,0.1478260,0.0078037,-0.1864776,0.0299204,0.8357643,0.2291375
0.0007197,0.2091836,-0.0652338,-0.0441906,-0.0062954,-0.0581206,-0.6860220,0.0705056,0.0778314
0.0007253,-0.1425009,0.2268804,0.0643909,0.2540196,-0.0110625,0.4328745,0.7591042,0.0713006
0.0007309,0.3335428,0.0745977,-0.1666882,-0.2165005,0.1099702,-0.0767691,0.1328835,0.0714227
0.0007365,0.5287332,0.3529791,0.2188098,-0.0100796,0.1608735,0.1525400,0.6052956,0.4276239
0.0007421,0.0609598,-0.3970820,0.1360462,0.1161411,0.0002900,0.1115854,0.1256814,0.2722894
0.0007478,0.4694070,-0.2217280,-0.2546399,0.1286533,0.3019868,-0.0195791,-0.1453147,0.3032342
0.0007534,0.2822122,-0.2369867,0.1973865,-0.0269863,-0.2856597,0.0995005,-0.0775657,-0.0430182
0.0007590,0.3446817,0.0100225,0.2512195,0.1929234,-0.2312163,-0.5827505,0.5438942,0.1820794
0.0007646,0.3753518,0.1635260,0.0510852,-0.0821621,-0.0224151,0.3938730,0.2838845,0.4442254
0.0007703,0.1121072,0.2320684,0.0264881,0.0507114,0.1829072,-0.6405508,0.0712380,0.1625482
0.0007759,0.2886209,-0.1118647,0.2953479,0.3345249,0.1592256,-0.0216543,-0.6912132,0.1158563
0.0007815,0.3644876,0.3495001,0.0853870,0.0060947,0.1277314,0.1317881,-0.0621849,0.1400872
0.0007871,0.1616067,0.4033331,0.1620471,0.4419468,-0.1659697,-0.3623526,0.1889138,0.5621454
0.0007927,0.1328592,0.6014532,0.0812976,0.1536777,-0.0113067,0.0282724,-0.1288352,0.0573846
0.0007984,0.0426797,0.4863409,-0.0640271,-0.1325161,-0.0748443,0.2208384,0.1847634,0.1065790
0.0008040,0.3108682,-0.1820551,0.1483142,-0.2795498,-0.1982573,-0.1034414,0.3156228,0.3339959
0.0008096,0.3939065,-0.0248285,0.1707752,0.0519321,-0.2898101,0.2577646,0.5078835,0.0774652
0.0008152,0.2119607,0.3688482,-0.2039196,0.2886875,-0.1970977,-0.2860586,-0.2811790,0.4961053
0.0008209,0.3251199,0.4900640,-0.0884411,-0.0661709,-0.2276763,-0.1637442,0.1521706,0.5224725
0.0008265,0.2491006,0.2868170,0.1553333,-0.4543545,0.0205537,0.2907236,0.1051736,0.4331170
0.0008321,0.5654458,0.5349249,-0.1873791,0.2580479,0.0867158,0.0610483,-0.1584983,0.0994989
0.0008377,0.1046304,0.0574468,-0.0713513,0.3405674,0.0840913,0.1626108,0.2050271,0.0445062
0.0008433,0.7469034,0.1949591,-0.0465100,-0.1240932,-0.1163482,0.0677012,-0.1113792,0.1933709
0.0008490,0.1835489,0.1862921,0.1196277,-0.0263149,0.1970063,-0.5878775,0.2676491,0.1624871
0.0008546,0.3874063,0.0918096,0.0241687,-0.3281948,-0.1312407,0.3004282,0.0607400,0.3275262
0.0008602,0.3844156,0.4217046,0.2259510,-0.0008633,-0.0813750,-0.4626333,0.2980447,0.1082269
0.0008658,0.5170144,0.3316778,0.0917346,0.0751255,0.3228608,0.0998056,0.0172829,0.4121820
0.0008715,0.3020181,0.3651251,-0.1602185,0.3612583,-0.0094146,-0.0117056,0.1389870,0.3888665
0.0008771,0.5124978,0.2154058,0.0673816,-0.0551235,0.3756562,0.1681040,0.6415505,0.5324823
0.0008827,0.2275857,0.7364019,0.0371692,-0.0335171,0.2202607,0.1781748,-0.0754905,-0.0858649
0.0008883,0.4726419,0.1468023,0.0634754,0.1118687,-0.0453643,-0.3158438,-0.0931907,0.4384271
0.0008939,0.3322000,0.4890875,-0.2353528,0.0627354,-0.1527251,0.7174204,-0.1017356,-0.0190924
0.0008996,0.0970926,0.5104498,-0.3474133,-0.0023281,0.3641816,0.3311899,0.3546853,0.5130121
0.0009052,0.2481546,0.2742437,0.3255603,0.1937778,0.2142793,-0.1567251,0.2276101,0.4502069
0.0009108,0.1548318,0.3042120,-0.0254529,-0.2044766,0.3522798,0.2198618,-0.6774192,0.3333856
0.0009164,0.2371988,0.8266119,0.0612171,0.5688389,0.2447969,0.1221445,0.5072731,0.3717157
0.0009221,0.1664590,0.0138067,0.2354114,0.0695713,-0.2633819,-0.3105947,-0.1207786,-0.0211066
0.0009277,0.2536477,0.2268804,0.2727649,0.0224522,0.0937959,-0.0895864,0.3336892,0.0458490
0.0009333,0.1653299,0.6515020,-0.0509045,0.2823399,0.0742646,-0.0072500,-0.0002952,0.2556268
0.0009389,0.7493753,0.1179327,-0.0268567,0.3080357,-0.3142852,-0.4814321,0.0842995,0.1845208
0.0009445,0.1939554,-0.0874506,-0.3831799,0.4440220,-0.0975493,-0.1584341,-0.0380149,0.2235833
0.0009502,-0.0394736,0.6345342,0.0206287,0.3123692,0.1477510,-0.4658682,0.6655983,0.1482049
0.0009558,0.0575723,0.2771124,0.2181385,0.2702549,0.0401460,-0.1495230,0.3328347,0.4475213
0.0009614,0.4171609,0.0929693,-0.0493176,-0.2385342,0.0086518,-0.3492300,0.8109841,0.4546624
0.0009670,0.2586221,-0.0046869,-0.4155285,-0.0496304,-0.0511016,0.1532114,-0.1681419,0.3626214
0.0009727,0.2300271,0.6453375,0.2398670,0.2714146,0.1572114,-0.0669424,0.5081276,-0.0074958
0.0009783,0.4871072,0.5144781,0.1930530,0.0971592,0.2734834,0.1530283,0.1172585,0.0183832
0.0009839,0.1426553,0.3495611,0.3137805,0.0503452,-0.0653228,0.0784433,0.5929665,0.0377923
0.0009895,0.2657022,0.4625372,-0.1287243,-0.0852139,-0.3061675,0.2092417,-0.3738303,0.2584344
0.0009951,0.0312967,0.2543463,0.2603748,-0.2096645,0.2546845,-0.3812734,-0.6519065,0.2899896
0.0010008,0.0992898,0.6831182,0.3223865,-0.2636806,-0.0307158,-0.5372793,0.3672585,0.1798211
0.0010064,0.3449563,0.5050176,0.1679065,0.2003086,0.0784150,-0.0257437,0.3091531,-0.0081061
0.0010120,0.4069681,0.0432867,0.3717029,0.2557285,-0.6303252,-0.0672476,-0.3613792,0.1355096
0.0010176,0.3759622,0.1814093,-0.1940930,0.0204380,-0.1737212,0.2287729,0.1658425,-0.1063117
0.0010233,0.3063821,0.3630499,0.2764270,-0.0133755,0.1385347,-0.0753042,-0.0751243,-0.0432624
0.0010289,0.4300393,0.3938726,-0.1093152,-0.0720303,0.3344575,0.4472178,-0.2184349,-0.0264167
0.0010345,0.3817605,0.0586676,-0.2316906,0.1684483,-0.0223540,-0.5007192,0.2818093,0.3759271
0.0010401,-0.0852194,0.3474859,0.2293689,-0.2597744,0.1524507,0.5919932,0.0175271,-0.1838263
0.0010457,0.3574075,0.1475958,0.2136829,0.2080601,-0.0889434,-0.3903067,-0.1090598,0.3320428
0.0010514,0.1511392,0.5139898,0.4543445,0.4453648,-0.3071441,-0.1851675,-0.2120872,0.4085199
0.0010570,0.0992288,0.5557989,0.2575061,-0.0935146,-0.1457671,-0.3044912,0.6507058,0.0077020
0.0010626,0.2365274,0.5771612,0.0336902,-0.0802090,0.3233491,-0.5779898,-0.3694358,0.2390863
0.0010682,0.1363077,0.5317510,0.3951404,0.3339756,0.4482881,-0.4144155,-0.0470481,0.0977289
0.0010739,0.3041543,0.7088140,0.1342762,-0.0537807,0.1083222,0.0088633,-0.4642844,0.2233392
0.0010795,0.1248025,0.5182012,0.0684802,0.3311070,0.0594941,-0.4659292,-0.0999046,-0.2240485
0.0010851,0.3316812,0.7434820,0.3837268,0.2645176,-0.0817412,0.1801279,-0.1354270,-0.1044806
0.0010907,0.0523233,0.1848272,0.1278064,0.0899570,-0.0172881,0.2530649,-0.4374290,0.2753412
0.0010963,0.1613626,0.6596807,0.2812488,-0.0985806,0.2673188,-0.1833365,0.2421364,-0.0596808
0.0011020,0.5673684,0.6717046,0.1414173,0.2594517,-0.2763824,0.4414194,0.7566628,-0.1517218
0.0011076,0.3358011,0.5298589,-0.0689709,-0.3411953,0.0779267,0.1568735,-0.3629661,-0.0111579
0.0011132,0.5145120,1.0049566,0.4150379,0.2673863,-0.3111114,-0.2463858,0.2210183,0.1045038
0.0011188,0.3155374,0.5658697,0.0596912,-0.1449062,-0.0498198,0.4059580,0.0348610,0.2219354
0.0011245,0.5753030,0.6856207,0.2400501,-0.1939175,-0.1577910,0.3694590,-0.1750999,-0.3531379
0.0011301,0.1242532,0.8610967,0.2346790,0.3129185,0.2303926,0.0796030,-0.0605979,0.0747186
0.0011357,0.1519327,0.3783087,0.3025501,-0.0296719,-0.3360137,0.0723398,0.2068581,-0.0963019
0.0011413,0.2734231,0.2694830,0.2276599,-0.0296108,0.0384980,-0.1258413,-0.3462425,0.3100702
0.0011469,0.5559549,-0.0689570,0.2463367,0.4590977,0.3480683,-0.2878897,0.6748757,-0.0134772
0.0011526,0.1408853,0.0396246,0.3831165,0.2371738,-0.0771026,0.4335459,-0.1235862,0.1796380
0.0011582,-0.2293540,0.5879034,0.4996936,0.2509678,-0.1458892,0.6123789,-0.3387962,0.0902215
0.0011638,0.0763101,0.5642217,0.1681507,-0.1436245,0.1970063,-0.1653921,0.1122536,0.2562982
0.0011694,0.1307229,0.7661260,0.4259632,0.2603672,0.2562104,0.0402353,-0.0374046,0.0102655
0.0011751,0.2650918,0.2736334,0.5262439,-0.3374721,0.0740205,-0.2541983,-0.2211204,0.4044915
0.0011807,0.1154642,0.5211309,0.4188831,0.1393955,-0.2844390,-0.3984854,-0.0964866,0.2138177
0.0011863,0.1040811,0.5462774,0.2792957,-0.0222256,-0.3856353,-0.0297110,0.2750954,0.2036859
0.0011919,0.1860208,0.5206426,-0.0582898,-0.1444790,0.2442475,-0.1886465,0.1442360,-0.1276740
0.0011975,0.4732828,0.6836675,0.2759998,-0.0830166,-0.0853423,0.2722910,0.0117898,0.3712274
0.0012032,0.2618570,0.3233160,0.2803333,0.2345493,0.0969697,0.1334360,-0.1519065,0.0335809
0.0012088,0.5561990,0.2230963,0.1694934,-0.0364468,-0.1961821,0.4582651,-0.2516380,0.2284051
0.0012144,0.4086465,0.4673589,0.4025867,0.2142246,-0.1423491,-0.1155874,0.0617165,-0.0704840
0.0012200,0.3735818,0.6300176,0.7213123,0.3099278,-0.0740508,-0.2253897,0.3439431,0.1894037
0.0012257,0.3350076,0.1323370,0.5505359,0.3151768,-0.0103911,0.0823496,0.1339821,0.2351190
0.0012313,0.1731119,0.0083135,0.2985828,0.0281284,0.1271211,-0.0856802,-0.1101585,0.2905999
0.0012369,0.2622537,0.0432257,0.2244251,0.2568272,0.0063935,0.0408457,0.1489968,-0.2411383
0.0012425,0.2028360,0.7486089,0.3026111,-0.1336147,0.3822480,0.3663462,0.3707986,-0.0823249
0.0012481,0.1986246,0.3390020,0.3280628,-0.0936367,-0.2682647,0.2359140,0.3396706,-0.3380622
0.0012538,-0.0761557,0.4323858,0.5092762,0.0401524,0.0114595,-0.1266958,0.0453591,-0.0583991
0.0012594,0.6768960,0.2913336,0.9041126,0.6002720,-0.0016021,-0.4370596,0.1492409,-0.0164679
0.0012650,0.3642434,0.5785650,0.1775501,0.2791050,-0.2158965,0.1554697,-0.1144309,-0.0958747
0.0012706,0.3002481,0.6401495,0.3151233,0.3933628,-0.3087310,-0.2456533,-0.1323753,0.0221673
0.0012763,0.3134622,0.3219122,0.5819690,0.4451817,0.3276826,-0.0230581,-0.6779075,-0.3403815
0.0012819,0.1667337,0.3496221,0.5851429,0.1604526,0.3544160,-0.1306631,-0.0585227,0.2420770
0.0012875,0.4441385,0.3860601,0.6247547,0.5400913,-0.1891021,-0.3412344,0.3245339,-0.1829108
0.0012931,0.5344705,0.7163824,0.1254261,-0.0149014,-0.1060943,0.1640146,0.6507058,-0.1685065
0.0012987,0.5431680,0.0268682,0.3264759,0.2470615,0.0887910,0.2468393,0.2726540,-0.2931403
0.0013044,0.5400857,0.2860845,0.5574329,0.3048618,0.1294404,0.1198252,-0.0464378,-0.0461310
0.0013100,0.9037637,0.8498052,0.2358387,0.1514805,0.2290498,-0.2461416,0.2238259,0.2169915
0.0013156,0.6790628,-0.3197504,0.5509021,0.0165928,0.0195771,0.0937021,-0.5233665,0.0318719
0.0013212,0.5246133,0.2255987,0.1674182,0.0967930,-0.3772124,-0.2525503,-0.2877708,0.3186761
0.0013269,0.9102945,0.4245733,0.2412097,0.3310459,0.1643525,-0.0131094,0.1868386,-0.0554084
0.0013325,0.6321267,0.7270025,0.6348865,0.3324497,-0.0876616,0.5142344,-0.2856956,0.0871087
0.0013381,0.6235208,0.4295171,0.2354724,0.5874546,-0.0525054,0.5071543,-0.1727806,-0.1204108
0.0013437,0.7206888,0.2848028,0.2294300,0.0897739,-0.1313018,-0.3196279,-0.7506614,-0.2460822
0.0013493,1.0043802,0.5276006,0.2146595,0.1997593,0.0591279,0.1521128,0.4502663,0.1148797
0.0013550,0.6536111,0.3700079,0.4041126,0.8982456,-0.5036772,0.5477427,-0.5042015,-0.3419074
0.0013606,0.6273355,0.6843389,0.6768787,0.3351353,0.5008394,-0.3417227,-0.0361839,0.1399041
0.0013662,0.3753213,0.2696661,0.5476673,0.6389683,-0.3257598,0.0066660,-0.0652366,-0.1521491
0.0013718,0.7099771,0.0792364,0.3267810,0.8381260,0.0450898,0.0495737,0.4829812,0.2710077
0.0013775,0.8986978,0.2579473,0.0853870,0.5955723,-0.0298613,-0.0245840,-0.0791526,-0.2755622
0.0013831,0.6066141,0.2120489,0.6065052,0.6636265,0.0865937,0.3252695,-0.0432640,0.1891595
0.0013887,0.6689920,0.2989630,0.6724842,0.6199864,0.2220307,0.1034678,-0.0674339,-0.1486090
0.0013943,0.4712991,-0.2187372,0.3765857,0.6565464,0.4344331,0.4324473,0.5099587,0.2750360
0.0013999,0.8436746,0.6194586,0.3286121,0.9699009,0.0308686,0.3603037,0.3018288,-0.1146735
0.0014056,0.9426126,0.4937261,0.2058094,0.6696690,0.5249482,0.0697763,-0.7527366,-0.1766242
0.0014112,0.6971597,-0.0773798,0.3190296,0.3792637,0.1169892,-0.0713369,-0.4019065,0.3866082
0.0014168,0.4386758,0.6036505,0.4417102,0.4532383,-0.2343291,0.0310801,-0.0890403,0.0213739
0.0014224,0.4594583,0.6676763,0.5843494,0.0472935,-0.0819854,0.0996225,0.3300271,0.1116449
0.0014281,0.4438638,0.4459356,0.1380603,0.3382481,-0.0064849,0.1233652,-0.0970970,-0.2028083
0.0014337,0.7700357,0.4026617,0.6022327,0.4012974,-0.2580718,-0.2623159,-0.2158714,0.0278436
0.0014393,0.9524392,0.4801153,0.3882434,0.6272495,0.2258760,0.0175303,0.3152566,0.0874749
0.0014449,1.3049784,-0.0367304,0.3164051,0.7332066,0.0076142,-0.2106192,0.1233620,0.0818597
0.0014505,0.8917703,0.2072271,0.7255237,0.6545323,0.0216523,-0.2324698,0.2851052,0.3671991
0.0014562,0.9526224,0.3099493,0.3666980,0.4683140,0.4805146,0.1130503,-0.2644553,0.0751458
0.0014618,1.0934916,0.2882818,0.7864368,0.3557041,0.0621797,0.0507944,0.1790261,0.4522210
0.0014674,1.2862406,0.6195806,0.2474964,0.6083897,0.0400239,-0.2429678,0.4874978,0.2519037
0.0014730,0.9491739,0.7140630,0.3211048,0.7746494,0.4170381,0.2345713,0.0689187,0.4820672
0.0014787,1.3330545,0.0428594,0.2527454,0.2520664,-0.3530425,-0.1617300,0.3533425,0.0277826
0.0014843,1.6241617,0.2390264,0.2572010,0.0245274,-0.1674956,-0.1613638,-0.5638939,0.1267205
0.0014899,1.4192667,0.6757330,0.6767566,0.6698521,-0.1030425,-0.2766592,0.0829568,-0.2088507
0.0014955,1.6399088,0.6324590,0.4734485,0.5479649,0.1049043,0.1328257,0.4331765,-0.2354621
0.0015012,1.5591288,0.5362676,0.5277698,0.8000401,-0.0143584,0.2183359,0.0739236,0.0648919
0.0015068,1.7265787,0.7083257,0.4293201,0.2155064,0.1001435,0.0697153,-0.2371116,-0.1912116
0.0015124,1.5355997,0.9079717,0.5056751,0.3539951,0.0714570,0.4434946,-0.2755637,-0.3405646
0.0015180,2.4004068,0.3026251,0.3300769,0.4246128,0.0515595,0.2840098,-0.1606956,0.0548822
0.0015236,2.1660318,0.7838262,0.3069446,0.4799717,-0.3126983,0.2866343,-0.1273704,-0.3004035
0.0015293,2.1511087,0.2475103,0.0407703,0.4884556,-0.2230376,-0.0647451,0.1448464,-0.0145148
0.0015349,2.5131083,0.6881841,0.3793323,0.2495640,-0.4208526,0.0991343,0.0036110,0.0671502
0.0015405,2.5486307,1.1261724,0.6763904,0.3417881,0.0074922,-0.1357290,0.5318093,0.2645379
0.0015461,2.4421244,0.7588629,-0.0205700,0.6893223,0.3734590,0.4511240,-0.4818626,0.1261712
0.0015518,2.7900553,0.7942632,0.4071033,0.5117710,0.3936006,0.4303110,0.2898659,0.0042230
0.0015574,2.6352701,0.5448126,0.5020740,0.4202793,0.0167085,0.0513437,0.6483864,0.1771966
0.0015630,2.8783731,0.8914922,0.3758533,0.8359287,0.3112031,-0.3206045,0.1281228,-0.1630133
0.0015686,3.0123453,1.4811529,0.2673328,0.5847691,0.2293550,-0.0397818,0.7837624,-0.0800666
0.0015742,3.2991495,0.6876348,0.4047229,0.6809605,-0.1014556,0.1025522,0.4343972,-0.0145758
0.0015799,2.8711100,1.0192999,0.1932971,0.5959385,0.2937470,0.0797861,0.3052468,0.1492425
0.0015855,3.0970926,1.2075323,0.5498645,0.1776035,-0.1616973,0.4360483,-0.0945335,-0.2377204
0.0015911,3.4980631,0.8112310,0.2938221,0.4811924,0.3477632,0.1947153,-0.3307395,-0.3533820
0.0015967,3.5900736,0.6689581,-0.1070569,0.6086949,0.1320649,0.2786997,0.0033669,0.5285150
0.0016024,3.4644938,1.1830572,0.0510852,0.7283848,0.6144258,-0.3827383,0.2726540,-0.1300544
0.0016080,3.2986307,1.3707403,0.6594226,0.0876987,0.0847627,0.0043467,-0.2827659,0.0435907
0.0016136,3.4739847,0.7365240,0.1384876,0.6390904,-0.0437774,0.6408213,-0.2382102,-0.0062140
0.0016192,3.9821024,1.1150030,0.4887683,0.4647129,0.1222383,-0.1403677,0.0241189,-0.2595710
0.0016248,3.7376261,0.8331426,0.4305408,0.5217808,0.2376557,-0.1477530,-0.4280296,0.2367669
0.0016305,3.3962870,0.9180425,0.7179554,0.2184360,0.7328950,-0.2911856,-0.2091575,0.0667840
0.0016361,3.3557291,1.1018804,0.4089954,0.5110996,0.2651215,-0.3748037,-0.1625267,-0.1951789
0.0016417,3.6129313,1.1201299,0.3707263,0.1230991,0.2348481,-0.1466543,-0.2227073,0.1137201
0.0016473,3.3662577,1.4013799,0.3914783,0.4956577,0.5201875,-0.1985952,0.0382790,-0.1984137
0.0016530,2.9571695,0.8198370,0.3143299,0.5485142,0.4978486,0.0007456,-0.2730003,0.3635370
0.0016586,3.0360575,1.5439581,0.3327014,0.6713780,0.5754243,-0.0752432,0.2401833,-0.3200568
0.0016642,2.7737284,1.3241094,0.2618396,0.6091831,0.6713716,-0.0156729,-0.9663597,-0.1986579
0.0016698,2.9299479,1.0435919,0.2348621,1.0759189,0.5994722,0.0750254,-0.2546897,-0.0613288
0.0016754,3.0978556,1.3512090,0.0455921,0.6215122,0.5778657,0.0302256,-0.4227805,0.1062738
0.0016811,2.8687601,1.3562139,0.7374866,0.2880161,0.0427705,0.4828623,-0.6321312,0.2828485
0.0016867,2.5444498,1.4392217,0.2156971,0.5493076,0.2296601,0.3842295,0.0836892,0.1016961
0.0016923,2.6936808,1.4895757,0.3875721,0.2791660,0.2181245,0.0349863,-0.0128684,-0.1125373
0.0016979,2.4944925,1.3868536,0.3201282,0.1968296,0.7596895,-0.2245352,0.2583718,-0.0598639
0.0017036,2.6102152,1.4844488,0.2217395,0.4694737,-0.0611724,0.1845835,0.3233132,-0.0101203
0.0017092,2.5415201,1.9911016,0.2365711,0.2200840,0.3766938,-0.0275137,-0.4177757,-0.1963385
0.0017148,2.6398783,2.2782722,0.6773670,0.2406528,0.6371309,0.1405161,0.1557107,-0.1177863
0.0017204,2.3733072,2.0098395,0.1972644,0.5445469,0.4004975,-0.1928579,0.2611794,-0.1181525
0.0017260,2.3246622,2.3822761,0.8168933,0.9611729,0.1280976,-0.2955801,0.0010476,-0.2362555
0.0017317,2.0251017,2.5232062,0.3476551,0.6258457,0.3932954,-0.1320669,-0.2900901,-0.1135138
0.0017373,2.4173136,2.6646857,0.4951160,0.0654209,0.6596528,0.3736704,-0.4009300,0.1093255
0.0017429,2.2633524,3.2011847,0.3244007,0.2578648,0.7591401,-0.1685659,0.6572976,-0.0312995
0.0017485,2.1703959,3.1219611,1.0150745,0.4614170,0.4582978,0.5628794,-0.2399192,0.1713983
0.0017542,2.2765665,2.9688849,0.6516712,0.7213047,0.7585298,0.1807383,0.6004128,-0.2477912
0.0017598,2.1127787,3.1786017,0.9784534,0.5913609,0.4106904,0.1057261,0.1026101,-0.3250006
0.0017654,2.1868143,4.1729255,0.5825183,0.4495152,0.1522676,0.2219370,-0.1133323,0.0828363
0.0017710,2.1825724,3.5465217,0.7381580,0.5342320,0.6100312,0.3528574,-0.7367454,0.0936395
0.0017766,1.9403543,4.0048957,0.7368762,0.1199253,0.4266816,-0.2453482,0.3573708,-0.2894171
0.0017823,1.9175882,4.0789924,0.5878894,-0.0887539,0.5295869,0.0805796,0.2840066,-0.0447272
0.0017879,2.1941690,3.7479377,0.6715686,0.5499180,0.3639375,-0.0513174,0.5534157,-0.1620978
0.0017935,2.3314371,4.0438361,1.0194080,0.5184849,0.3141938,0.4153574,0.4506325,0.2999994
0.0017991,2.0734110,3.9115729,0.8728626,0.7131870,0.6521455,-0.1767447,0.0651345,0.1529046
0.0018048,2.2316751,3.9303107,0.8862903,0.7403477,0.2532807,0.2584971,-0.4539085,0.0305291
0.0018104,1.8013163,4.4579597,1.0789173,0.5588291,0.3036958,-0.1796743,-0.1818138,-0.2272223
0.0018160,2.2921610,4.4956183,0.7629993,0.7202671,0.5234834,0.3592051,-0.0865989,-0.0643195
0.0018216,2.4442911,4.8167243,0.9846179,0.4219273,0.1414033,0.1433847,0.5926003,-0.0680426
0.0018272,2.0016031,4.2425056,1.1904285,0.7185581,0.8791963,0.2521494,-0.0634056,-0.1048468
0.0018329,2.0845499,4.7873664,1.3400257,0.3555210,0.6576997,0.5291880,-0.2019554,-0.2159919
0.0018385,1.8407755,4.8531623,0.6712635,0.1848057,0.4562226,0.2628916,-0.3290305,-0.0219001
0.0018441,1.9250650,5.3041511,1.3032825,0.4996861,0.1504975,0.3500498,0.4639382,0.1179315
0.0018497,2.4134073,5.2261481,0.8324573,0.7551182,0.7574311,0.5988291,-0.6340843,0.2134515
0.0018554,1.8423014,5.2353034,1.1636951,0.8677281,0.5015718,0.3447397,0.1377663,0.1992913
0.0018610,2.3137064,4.5959601,0.8267200,0.6235874,0.5217134,0.2480600,-0.1854759,-0.1954840
0.0018666,2.0655680,4.8971686,1.1524646,0.2516392,0.1803437,0.3767222,-0.4921165,-0.0990485
0.0018722,2.0467997,4.7105842,0.9684436,0.6288365,0.4035493,0.3893564,-0.0197044,0.1937982
0.0018778,1.8902445,4.2776008,0.7595813,0.1267612,0.7211763,0.6457651,0.0144753,-0.1161383
0.0018835,2.3555765,3.7058234,0.7388294,0.3727329,0.3298799,0.1045664,-0.5884300,0.1013910
0.0018891,2.3377542,4.4100471,1.1872547,0.0518711,-0.0735015,-0.0557730,-0.2889915,-0.0150641
0.0018947,2.3688822,3.7285285,1.1075428,0.2980259,0.6900483,0.3596933,0.1977028,-0.3066291
0.0019003,2.4267130,4.1111579,1.4418323,0.4849156,0.7119600,0.5536631,0.2201638,-0.2059821
0.0019060,2.2635050,3.6663947,1.0062854,0.2947300,0.2618257,0.1279428,-0.3901878,-0.1870002
0.0019116,2.0081034,3.4455695,0.9878528,0.0793980,0.0826264,-0.1338980,0.3634743,-0.2382087
0.0019172,2.7398233,3.5125251,1.6444690,0.5611485,0.5230561,0.8599375,0.2074685,0.3239862
0.0019228,2.5215311,3.9427619,1.3177478,0.4802769,0.8646699,0.8891123,0.5023903,0.1278802
0.0019284,2.5732889,3.5639167,1.2254627,0.7219151,0.4404145,0.5243662,-0.3239036,0.0589715
0.0019341,2.8756266,3.3899055,1.8777454,0.5229405,0.0903779,0.1570566,-0.3998313,-0.2016486
0.0019397,2.8887186,3.5306525,1.8525989,0.8538731,0.7810518,0.3739145,-0.0659690,-0.0892829
0.0019453,2.4639139,3.8014655,2.0635364,0.3729160,0.7781831,0.4552134,-0.7893577,0.2990228
0.0019509,2.5581217,3.5521979,1.9288929,0.9155186,0.1045381,0.2809580,-0.4637962,0.3245965
0.0019566,2.6579447,3.9132819,1.8977039,0.5216587,0.1365815,-0.3515493,0.0502419,0.2489740
0.0019622,3.0020609,2.8680549,2.5245960,0.8859165,0.2135469,-0.0599234,-0.1393333,-0.0288581
0.0019678,3.0898905,3.4176154,2.2926624,0.7821568,0.5147554,0.5866221,0.1070046,-0.2820319
0.0019734,3.0019693,2.9436774,2.6303089,0.4813755,0.2816010,0.3897837,0.2888894,0.1535150
0.0019790,3.0152445,3.0442634,2.7984607,0.5235508,0.5409395,0.5955942,-0.2656761,-0.1119269
0.0019847,2.7094278,3.3621345,3.0389392,1.1677768,0.3579560,0.6077402,-0.0112815,-0.1859626
0.0019903,2.9447489,3.2259650,3.1060169,0.9019688,0.3216401,0.0234507,0.0048318,0.2519037
0.0019959,3.1609964,2.6782966,3.1415393,0.9287632,0.3433076,0.7255381,-0.2852073,-0.1678962
0.0020015,3.0041056,3.3719001,3.7152088,0.7376621,-0.0545196,0.6164072,-0.1173606,-0.0041999
0.0020072,2.8222208,2.9003425,3.4891346,0.6823643,0.1838227,0.4495981,-0.0671897,0.0308954
0.0020128,3.6821756,3.0620246,3.8090808,0.8575352,0.4672090,0.6234263,-0.0129905,0.2884027
0.0020184,3.5633707,3.1322761,3.9744861,0.7969883,0.4033662,0.2037485,-0.1569114,0.2612420
0.0020240,3.2757120,3.3011603,3.6466663,0.9220493,0.3753510,0.5120981,0.1113991,-0.2038459
0.0020296,3.4638224,3.2203498,4.2366319,0.7649449,0.8176728,0.3184946,-0.1498313,0.1020624
0.0020353,3.0976419,2.7843757,3.8781726,1.2969272,0.6455537,0.4770640,0.0872292,-0.0227545
0.0020409,3.4073648,2.4790778,4.4829698,1.0657260,0.3367158,0.3927744,0.5136208,0.0061761
0.0020465,3.8866129,2.8433967,4.4443345,1.0328281,0.1266328,0.6917246,-0.2640891,-0.3107184
0.0020521,4.0359049,2.9405646,4.7139268,0.7766636,0.7765352,0.4295786,0.0713601,0.0422479
0.0020578,3.7123880,2.8735480,4.5728135,1.2547519,0.3080903,-0.0131704,-0.1372581,-0.4200934
0.0020634,3.8014383,3.0807014,4.6604600,1.3093174,0.5294648,0.7607554,0.3024392,0.1538202
0.0020690,3.7921610,3.1701179,5.0220933,0.8813999,0.7490083,0.6365488,0.1818337,-0.0004157
0.0020746,4.0536051,2.3650641,5.2437730,1.1879184,0.4968110,0.3452280,0.1186013,-0.0553473
0.0020802,4.5117655,3.0385261,5.3162827,1.5198276,0.4173432,0.3363169,0.0601296,0.1697503
0.0020859,4.2328348,3.4911017,4.9586167,1.1514194,0.4793549,0.5382212,-0.2158714,0.0449945
0.0020915,4.1618814,3.5048957,5.0866685,0.7113560,0.4134980,0.6062754,0.5770974,-0.2349128
0.0020971,4.1609354,3.2425056,4.6283555,1.2643955,0.0979463,-0.1893179,-0.2227073,-0.3156012
0.0021027,4.7071085,2.9709601,5.0856919,0.9368199,0.4536591,0.8653086,0.0403542,0.0749017
0.0021084,4.6403971,2.7480597,5.0850816,1.3856723,0.1446992,0.6322764,-0.3698020,0.1121332
0.0021140,4.6455545,3.1123786,4.7896714,1.3794467,0.2410127,0.3733652,0.2689919,0.1862298
0.0021196,4.8549967,3.0623908,4.0247788,0.8455723,0.5374604,0.2746714,0.3515114,0.3057977
0.0021252,4.3860331,3.0513434,4.4260850,1.6012485,0.4070893,0.4034556,0.4807839,-0.3864630
0.0021308,4.7448893,3.1765265,4.3424668,1.4178379,-0.0658721,0.6276377,0.0291237,-0.0021857
0.0021365,5.0356913,3.3758063,4.0458970,1.2928989,0.4357758,0.3346689,0.0303444,-0.0972174
0.0021421,4.8481607,3.4500861,3.7996814,1.1220615,0.8118135,0.4267099,0.2840066,0.1955682
0.0021477,5.0077677,3.3863044,3.8181751,1.3694980,0.3937837,0.4756601,0.3114724,0.1698114
0.0021533,4.7573404,3.5509772,3.7107532,1.5505283,0.6278535,0.4465464,0.0105691,0.2060052
0.0021590,5.4137125,3.8057380,3.6281116,1.3849399,0.6277314,0.7959116,-0.0986839,0.0506097
0.0021646,5.1761942,3.8931403,3.5295398,1.5043857,0.5595552,0.6673716,0.1586403,0.0758172
0.0021702,5.2256632,4.1955695,3.7402942,1.3574741,0.4256440,0.4995249,-0.2716575,0.1267205
0.0021758,5.2784891,3.7036872,3.9008167,1.6003940,0.2498017,1.0927255,0.7475075,-0.0138434
0.0021814,5.4097452,4.0684333,3.6050403,1.7651889,0.7402803,0.4167002,-0.0779319,0.1219598
0.0021871,4.9790506,3.9792609,3.4093616,2.0433872,0.6371309,0.4548472,0.3484597,0.0016595
0.0021927,4.9140482,4.1669440,3.3612659,2.1136386,-0.1400908,0.1640146,-0.3654075,-0.2039679
0.0021983,4.7093363,3.6710944,3.4487903,2.1317661,0.1888276,0.5924814,0.4566140,0.3689691
0.0022039,4.9627542,4.0544562,3.3735340,2.2010410,0.3295136,0.8039683,0.5216774,-0.2706183
0.0022096,4.4458475,4.3507819,3.0516956,2.4754550,0.4223481,0.4425791,0.8622536,-0.1425055
0.0022152,4.3669596,4.5498786,3.2885730,2.9047763,0.4539033,0.8698252,0.3288064,-0.2505378
0.0022208,4.3755350,4.3925910,3.5416248,2.5446079,0.3698579,0.8319834,0.0296120,0.1005365
0.0022264,4.1944132,4.5741706,3.1865833,3.0021884,0.3832856,0.2525156,0.5380349,-0.1747931
0.0022320,4.3717813,4.8461432,3.2218616,3.6768100,0.7410127,0.3040903,0.3327126,-0.2834357
0.0022377,4.2958536,4.6461310,3.1204822,3.6417148,0.4451142,0.3782480,0.2249245,-0.2267951
0.0022433,3.9434366,4.7132087,2.9544666,3.5056064,0.6280977,0.2784556,0.1303200,-0.0670050
0.0022489,3.8522806,4.9301276,3.0853260,3.7847202,0.3383027,0.5382822,0.6035866,0.2985955
0.0022545,4.0516520,5.0409064,3.0607288,4.0258093,0.5531465,0.5903452,0.0851540,0.0623285
0.0022602,3.6783915,5.2435431,2.9349353,4.0895910,0.8014375,0.6435068,0.6077370,0.0642816
0.0022658,3.9735880,5.1616950,3.6057727,4.4054480,0.6731416,0.2028940,1.0241189,0.1471063
0.0022714,3.9443827,5.4492927,2.8182971,4.1708288,0.6909639,0.6042612,0.6334938,0.4309808
0.0022770,3.8126688,5.2787604,3.1199329,5.1234045,0.2577973,0.5094126,0.2348122,0.3287469
0.0022826,3.5392008,5.3735480,3.1521595,4.8712072,0.7082368,0.6437510,0.2020974,-0.0063361
0.0022883,3.5869913,5.3917365,3.3167713,4.6306677,0.5822603,0.5377329,0.6030983,-0.2778205
0.0022939,3.7097330,6.1528449,3.0061023,4.8004675,0.6245576,0.5266245,0.7312722,0.3571283
0.0022995,3.7566385,5.7786384,3.1763294,5.1443396,0.3718110,0.6518076,0.3946023,0.1068841
0.0023051,3.9909525,5.9275031,3.2432849,5.3597937,0.9200288,1.0573862,-0.1001487,0.1905023
0.0023108,4.1222086,6.2219367,3.0820911,5.4984655,0.9579927,0.6632212,0.3307595,-0.0593756
0.0023164,3.8403788,6.1977668,3.0332630,5.5404577,1.0681001,0.7232187,0.9811501,0.0844232
0.0023220,4.0509195,6.0854011,3.1135242,6.0134192,1.0046235,0.4470347,0.7663063,-0.0214728
0.0023276,3.8042154,6.5652595,3.5690906,5.9334631,0.7863008,0.5627573,0.4341531,0.0567743
0.0023332,4.1848612,6.3678107,3.5701892,5.8951941,0.7742769,0.6022471,0.3815407,0.2531854
0.0023389,3.8199625,6.4778571,3.3729236,6.0824499,0.8206025,0.0980967,0.2035622,-0.2207526
0.0023445,3.6921854,6.8194098,3.2448108,6.0194006,0.9344941,0.4796885,0.9105935,0.0025750
0.0023501,3.9459085,6.6023688,3.5149524,5.8792639,0.9715425,0.4326304,0.3194070,0.2531854
0.0023557,4.2500162,6.8680549,3.3399646,5.5761633,1.1146699,0.0390146,0.3395486,0.3989373
0.0023614,4.0636759,7.0442634,3.3507068,5.4161901,1.0233003,1.0788705,1.2475076,-0.1312751
0.0023670,3.8462687,6.7815681,3.4708240,5.0381994,1.1205903,0.7944468,0.5936989,0.1701165
0.0023726,3.9386759,7.3104987,3.5282581,5.1108313,1.5335542,0.1831797,0.5373024,0.2520868
0.0023782,3.7296610,7.2384162,3.6441028,5.5626745,1.5170747,0.5135019,1.1090798,0.1582147
0.0023838,4.5008402,7.4223762,4.0275865,4.6183996,1.3056489,1.2642953,1.0664773,-0.1451911
0.0023895,4.0071573,7.3006721,3.9483631,4.7537146,1.2049409,0.6104258,0.7354226,0.4510003
0.0023951,4.2731791,7.3110480,4.0095811,5.0162878,1.4373628,0.6908091,-0.1700950,0.0492669
0.0024007,4.4573832,7.7268806,4.1450791,4.6471472,0.9676973,1.0097787,1.0298562,-0.2798346
0.0024063,4.1730509,7.2451911,3.9003894,4.8584509,1.0690156,0.9691294,0.6314186,0.2660028
0.0024120,4.3946085,7.0042243,3.9115589,4.6075964,1.2619478,0.4058359,1.4409890,0.1190912
0.0024176,4.6229715,7.1577888,4.2094102,4.5699987,1.1262666,0.2583750,1.1795144,0.0397455
0.0024232,4.4286356,6.4786506,4.2960801,4.4727697,1.3822480,0.3841074,0.5966286,-0.2341803
0.0024288,4.3814554,6.4395270,4.1491075,4.2169714,1.3846284,0.6068247,0.9143776,0.2391473
0.0024345,4.5810099,6.4862800,4.5980821,4.1742468,1.2129365,0.3720835,0.2323708,-0.0902594
0.0024401,4.1815348,6.5275397,4.4884019,4.6539831,1.0423433,0.7784556,0.2899880,0.1000482
0.0024457,4.6504679,6.3557868,4.9348741,3.8438022,0.9241182,0.6098765,0.7959694,0.1038324
0.0024513,4.4163065,6.1145148,4.3103623,3.8152988,1.4705049,0.8150156,1.0137429,0.1766473
0.0024569,4.6204996,6.3870368,4.7134385,3.9165561,1.4012300,0.7704599,1.7367654,0.0048333
0.0024626,4.6359415,6.0250983,4.8242173,3.9869907,1.8872529,0.1696909,0.8469948,0.0910150
0.0024682,4.7824259,6.0533576,4.6054063,4.0469275,1.8049165,0.2626474,0.6150612,-0.1311530
0.0024738,4.6663675,5.8366828,5.2241197,3.5348423,1.9422456,0.8543223,0.0822243,0.4768182
0.0024794,4.8253946,5.9882331,4.9097886,3.7048252,1.9416963,0.3870371,0.9079079,0.2885858
0.0024851,4.4549417,5.3270392,5.2999253,3.8304355,1.9152070,0.6107309,1.2321267,-0.1127814
0.0024907,4.9413309,5.4248786,5.1397080,3.6301792,2.1831512,0.5406016,0.7262673,0.2306634
0.0024963,4.9024820,5.9742560,5.2751451,3.8218906,1.7319185,0.6126230,-0.0018821,0.0690423
0.0025019,5.2755289,5.3477302,5.1976914,3.8853061,3.1180878,0.7298105,0.8915505,-0.2050666
0.0025075,4.9517374,5.4719367,5.1278672,3.5365512,2.6594086,0.5372446,0.6293435,-0.2374762
0.0025132,5.1364908,5.3338141,5.7468247,3.5686557,3.2043915,0.3903330,0.7588601,0.2244378
0.0025188,5.2555399,5.3426032,5.2285142,3.4661777,3.6498871,0.4091929,0.5473122,0.4956170
0.0025244,5.5937662,5.4635749,5.6205430,3.8006504,3.7402802,0.6818369,0.1175027,0.2169915
0.0025300,5.3426676,5.4357429,5.8275743,3.4148471,3.8031464,0.5366343,0.9087624,0.2630121
0.0025357,5.5047770,5.0936408,6.2286973,3.4360263,4.1265717,0.4847544,0.2332253,0.0827752
0.0025413,5.3029642,5.2257819,6.0248399,3.6888340,4.2653656,0.4130381,0.8847145,0.6446649
0.0025469,5.6232462,5.5716071,6.0946031,3.8346469,4.3213348,0.5884531,0.8421120,0.3118402
0.0025525,5.8472757,5.6391730,6.4761949,3.6665561,4.1267548,0.5869883,0.7561745,0.2775384
0.0025581,5.9988565,5.3662238,6.8469224,3.5092075,4.5809784,0.7560557,0.9788308,0.0695306
0.0025638,6.0738688,5.4210334,6.4074693,3.3257968,4.4581146,0.5541514,0.3961892,0.4069940
0.0025694,6.1901407,5.4002204,6.5927720,4.5311193,4.9378510,0.8153208,0.4047341,-0.0114020
0.0025750,6.2927408,5.7543464,6.8798203,4.2639685,4.3063812,0.3663462,0.6730446,0.2606927
0.0025806,6.9203653,5.5760627,7.5030503,4.0499792,4.5843353,0.5726450,0.5153298,0.2973138
0.0025863,6.5675821,5.4738898,7.5173936,4.4349890,4.4642181,1.3925912,0.3385720,0.3987542
0.0025919,6.8903666,6.2047248,6.9824204,4.0027990,4.7448578,1.2072275,0.6344704,0.0517083
0.0025975,7.0465555,6.2047858,7.2880235,3.5110996,4.3928070,1.1042001,0.8656716,0.2597772
0.0026031,7.4427347,5.7193122,7.6667466,4.0347815,4.9466400,1.2317026,0.5336403,0.2158929
0.0026087,7.5616922,6.2720466,7.4586167,4.4559240,5.3157196,1.3346689,0.1243386,0.2556268
0.0026144,8.1370401,5.3296638,7.4598374,4.4692297,4.9274750,1.2837656,0.8334450,0.5228997
0.0026200,8.1825113,6.2638068,7.8569932,4.3048620,5.3066254,0.8591440,0.5694069,0.2013055
0.0026256,8.5790262,5.4796271,8.0885611,4.2311926,5.0528412,0.8296030,0.8123268,0.3302118
0.0026312,8.8606119,6.2141852,7.4525132,4.8543615,5.0778656,0.9925058,0.0384011,-0.2584723
0.0026369,8.9914713,6.1844001,7.8167100,4.4102697,4.8639374,1.7602670,-0.5499778,0.0833246
0.0026425,8.9788980,6.3401618,7.2740464,4.3783484,4.6823578,1.1329477,0.2975564,0.3175164
0.0026481,9.5137186,6.0033088,7.4305406,4.7045813,4.9047089,1.4250009,0.8942360,0.2796136
0.0026537,9.8983316,6.0172248,7.7038560,4.5992346,4.7835541,1.2613657,0.4898171,-0.0822028
0.0026593,10.1480875,6.4853034,7.0681748,4.2513952,4.4639740,1.2703989,0.9274392,0.3053705
0.0026650,10.0483255,6.3562140,7.2518296,4.6862097,4.5494232,1.2287729,0.8100075,0.2458001
0.0026706,10.3354349,7.0261970,7.0420518,4.6083288,4.6375580,1.5149667,0.5048317,0.7376214
0.0026762,10.8038492,6.7913947,6.5020738,4.6923742,4.6322479,1.6045663,0.4157204,0.3975946
0.0026818,11.1026163,6.4461188,6.7864976,5.0306921,4.2304535,1.5579965,0.4805398,0.1673089
0.0026875,11.5696573,7.0955939,6.7308946,5.1755896,4.1534882,1.4322031,0.5576882,0.2134515
0.0026931,11.9242411,6.6639533,6.1352525,5.1329870,4.0423431,0.9511850,1.3046365,0.2525750
0.0026987,12.3390360,6.8350348,6.1391587,5.4950476,4.4712372,1.4123666,0.7072243,0.5222894
0.0027043,13.2162333,6.6560798,6.1764512,5.4843054,4.3054047,1.5772226,0.2726540,0.2143670
0.0027099,13.5073709,6.9618049,5.7592759,5.4885168,3.7654877,1.2055185,0.7831520,0.2620355
0.0027156,14.2653360,6.6167731,5.6085191,5.1508703,3.7661591,1.5962656,0.2041726,0.3724481
0.0027212,14.9746866,6.6427131,5.6230454,6.1330481,3.7565155,2.0449960,0.9561257,0.1771966
0.0027268,16.0014496,7.1464362,5.6660752,5.8140783,3.9559174,1.9677866,0.1800026,0.5988885
0.0027324,16.8513336,7.0587287,5.8248887,5.8591223,3.6494598,1.5058115,0.8660378,0.3090936
0.0027381,17.7287140,7.1988654,5.4495835,5.9616613,3.6645355,1.6372201,-0.0588890,0.6579095
0.0027437,19.3590240,7.0861335,5.7285752,5.7009802,3.6454315,1.7126596,0.5353493,0.1900140
0.0027493,21.3316498,7.1930671,5.0526719,6.2379065,3.8696136,2.1533334,0.7422585,0.1598016
0.0027549,24.1613312,7.9160285,5.6322618,6.6907873,3.6602020,2.1391122,0.8444313,0.1231805
0.0027605,27.3831024,7.5598884,5.4214463,6.5175695,3.5441742,2.5295541,1.1581521,0.2316400
0.0027662,30.8620148,7.8089728,6.0084214,6.3344641,3.4987030,1.9564340,0.8103737,0.4706537
0.0027718,34.3080597,7.8991218,5.6508164,6.9196081,3.6205902,2.8724496,0.8712868,0.3825189
0.0027774,37.9722443,7.7723517,5.5344224,6.3845739,2.9664764,2.5203378,0.6178688,0.1283685
0.0027830,40.9426422,7.7621589,5.5383897,6.7183142,3.2464447,2.9430063,0.8180642,0.1121332
0.0027887,42.7699127,8.6084719,5.8568101,6.8143835,3.4289398,3.0883310,0.4341531,0.2274286
0.0027943,43.7342072,8.5365114,5.6868272,7.1182775,3.1637421,3.2750375,0.7505593,0.7199212
0.0027999,43.3529816,8.8590822,5.6712632,7.1919470,3.2755585,3.6394784,0.2005105,0.3209955
0.0028055,43.0033722,9.3319826,6.2371202,7.7624426,3.5132904,3.6265390,0.6156716,0.4126703
0.0028111,41.9303741,9.4191408,5.6275620,7.7872839,3.3096771,3.6544321,0.7853493,0.3141595
0.0028168,40.6784210,9.8412600,5.8856797,7.6574011,3.8611908,4.4096203,0.2146706,0.3435174
0.0028224,40.0408478,9.8623171,5.9558091,8.0715857,3.2938690,4.3152599,0.6712136,0.3905145
0.0028280,39.2018585,9.9516726,6.0811143,7.8087072,3.6290741,4.7653942,0.7295632,0.2768060
0.0028336,37.8759918,10.6480837,6.1514268,8.1368933,3.8274384,4.7738171,0.4614968,0.3546258
0.0028393,36.8678741,10.9156618,6.2785630,8.5350256,3.6818695,4.6602917,0.5481667,0.1276971
0.0028449,36.1814728,11.3986330,6.3542466,8.0517492,3.6251678,4.9517345,0.1630349,-0.1025885
0.0028505,34.6464386,11.4773684,6.1187730,8.7982092,3.9839935,4.8859997,0.5972390,0.3131830
0.0028561,32.9126129,12.2637453,6.1356187,8.9163122,3.7543793,5.0229626,0.1461892,0.0325433
0.0028617,30.1356964,12.5928469,6.4130845,8.8463659,3.7707977,5.6847668,0.3935036,0.6109124
0.0028674,27.4748077,12.5186281,6.5047593,8.9092932,3.2649994,5.7086926,0.6105446,0.3861810
0.0028730,24.8033600,12.9157228,6.1865220,9.4208899,3.6352997,4.9584484,0.8876442,0.2702142
0.0028786,22.3842926,13.5078859,6.5582261,9.0610876,3.4780121,5.6756115,0.4335427,0.2743036
0.0028842,20.1354828,13.9391603,6.2753892,8.9872961,3.8372650,5.9730358,0.7071022,0.3017083
0.0028899,18.1001434,14.7282228,6.8467393,8.9965734,3.5637665,6.2191296,1.2997537,-0.1084479
0.0028955,16.7739716,14.4248781,6.8727403,9.3422766,3.9880829,5.8649426,-0.0078636,0.0062982
0.0029011,16.0674896,14.5757570,7.0062852,9.1088781,4.1307220,6.0877209,0.5561013,0.3753778
0.0029067,14.6956034,15.6995974,6.4257188,8.9907141,4.1193695,6.2424450,1.0608621,0.0145990
0.0029123,13.6485147,15.6366701,6.7861924,8.7286901,3.8572235,6.6088390,1.2396951,0.2557489
0.0029180,12.4178629,16.5061169,6.8506455,8.0447302,4.2161102,6.4908581,1.4555154,0.1587640
0.0029236,12.2809000,16.9084606,6.6741319,8.1173010,4.4885101,6.3786144,1.3422341,0.0924188
0.0029292,11.6076212,17.9188976,6.5607285,7.9958410,4.5496674,6.4781628,1.2035623,0.2761346
0.0029348,10.9237833,18.2198009,6.7578721,7.7000036,4.4109344,5.8141613,0.8801979,0.1755487
0.0029405,10.2353067,19.8338757,7.0493150,7.9368811,4.5408783,5.5893688,1.1348367,0.3119622
0.0029461,9.5978861,20.7335339,7.0742173,7.6021032,4.2180023,5.2818127,1.4090066,0.0484124
0.0029517,8.9008036,21.3554211,7.0527940,7.0159216,4.6840668,5.4424572,1.8339334,0.0888788
0.0029573,8.4336405,23.1185436,6.9275498,7.5319738,4.6859589,5.7585583,1.7411599,0.5826532
0.0029629,7.7116861,24.8062878,7.2427964,7.3736486,4.3945770,5.2472668,1.2133279,0.1030999
0.0029686,7.0439615,27.3022594,7.0918565,7.3742590,4.7604218,5.0209484,1.1577859,0.3253900
0.0029742,6.9333963,30.7366467,6.9846177,6.3272009,5.5722504,5.2243786,1.7619119,0.4018060
0.0029798,6.1417704,34.1862297,7.5562119,7.2352819,5.1121674,5.6142101,1.9099832,0.6407586
0.0029854,5.9022684,38.7879143,7.4047837,6.6619177,5.0896454,4.8191051,2.5030007,0.0935785
0.0029911,6.0713663,44.2236443,7.7163682,6.7523718,5.8534393,5.1150036,1.9506326,0.4979364
0.0029967,5.3309793,49.2611809,7.8665147,6.6421423,5.2829437,4.6944103,0.9964089,0.4962274
0.0030023,5.1946268,54.1637688,8.0454092,6.8589392,5.3836517,5.0406628,2.0083718,0.4226190
0.0030079,5.1187296,58.3756218,7.9276109,6.6432409,5.4759979,4.5532970,2.1255593,0.2672845
0.0030135,4.9326639,60.7335930,8.3098135,6.2745275,5.5921478,4.8228893,2.1460671,0.2491571
0.0030192,4.4879923,61.9396477,8.2097769,6.3894567,5.7561493,4.3042736,1.6793923,0.0228998
0.0030248,4.5438700,61.1475334,8.5968618,7.0754919,5.8774872,4.5084362,1.7630105,0.5649530
0.0030304,4.3868876,60.2981682,8.8696890,6.6709509,5.5264130,4.5065441,1.7112527,0.0326043
0.0030360,4.6240702,59.7103386,8.8918447,6.3057165,6.5710907,4.0722179,2.5467019,0.5432855
0.0030417,4.5314493,58.1966667,9.4801626,6.3946447,6.2824554,4.5326672,2.3280740,0.3828851
0.0030473,4.4685221,56.7872429,10.0334463,6.6937780,6.2775726,4.2194958,2.8106179,0.2295038
0.0030529,4.2422342,56.1968498,9.6912222,6.4198523,6.9096527,4.2733288,2.6885476,0.2434808
0.0030585,3.9600077,54.7890129,10.7987051,7.1375647,6.9608612,4.0761852,2.8242898,0.3101922
0.0030641,4.1018229,53.6106071,10.7673330,6.9013586,6.7442474,3.9451425,2.7992654,0.2630121
0.0030698,3.8300028,52.6762199,10.6967154,6.7556067,7.0066376,3.9710824,2.5877175,0.1732293
0.0030754,3.6406107,51.4926872,11.2873526,6.8805456,6.9509125,3.9491098,2.9920144,0.4380609
0.0030810,3.8068705,48.7772331,12.0938101,7.4658117,7.2400360,4.1405163,3.4826150,0.7934076
0.0030866,3.4773111,44.8027458,12.2319937,6.9424963,7.3220062,4.1750011,2.6435037,-0.0782355
0.0030923,3.7158976,40.7885246,12.5265493,7.0524206,7.0298920,4.3436413,3.2730203,0.2157708
0.0030979,3.2828226,36.5590935,13.3884268,7.0516272,7.3095551,4.8479137,4.0254617,0.4653436
0.0031035,3.4496012,33.6250725,13.1827993,7.8410559,7.6236420,3.6655405,3.4431863,0.2766229
0.0031091,3.4354105,30.4587536,13.5278311,7.3630896,8.1455536,3.7600839,4.4843240,0.7042352
0.0031147,3.0808573,27.9491100,14.1712637,6.9310217,7.8632050,3.9834726,5.3505349,0.2327386
0.0031204,3.1744547,25.1634655,13.9090567,7.4449987,7.7528534,4.3087902,5.0358377,0.1261712
0.0031260,3.0506144,23.7406750,14.3410025,7.1917639,7.9538422,4.4401379,5.9298806,0.3648797
0.0031316,2.9190836,22.2058849,14.6612539,8.0518103,7.9810028,4.1610851,5.8259988,0.5019647
0.0031372,2.5233927,20.8037853,15.0758047,7.1218176,8.2516327,4.2076550,6.0403543,0.0527459
0.0031429,3.0489054,19.5600719,15.8318472,7.6741858,8.5935516,4.2944469,6.1616921,0.1587640
0.0031485,2.4687662,18.5523205,16.1385479,7.9309607,8.7368622,3.8972299,5.7005105,0.6161004
0.0031541,2.5319376,17.4278088,16.8200665,8.1259069,9.1233368,4.3480968,6.8736062,0.1739007
0.0031597,2.5940104,16.6508923,17.6293316,7.8201818,8.3121185,4.2754650,6.8032937,0.1187860
0.0031653,2.1894693,15.3957644,18.1830425,7.7696447,8.5093231,4.8648815,6.6677957,0.0620843
0.0031710,2.5073404,14.6456423,18.7094707,8.4787512,8.4784393,4.0720348,6.6425271,0.0268060
0.0031766,2.2766886,13.3166628,19.9091167,7.8720007,8.3300018,4.5061169,7.1851296,0.1969720
0.0031822,2.5621805,12.5741091,20.7288189,8.0373449,8.5067596,4.5086193,7.7174783,0.6926385
0.0031878,2.1506205,11.7656984,21.8656597,8.3911657,8.1072845,5.0011730,7.9372048,0.1299554
0.0031935,2.3493509,10.8090334,23.1945782,8.2845373,7.8119965,4.5992565,7.5255837,0.4291497
0.0031991,2.5357218,10.1474733,25.1516705,8.1032019,8.1641083,4.7226696,7.9301248,0.1591913
0.0032047,2.4953470,9.7053347,27.5097637,8.8704138,7.4747162,4.8126965,7.7185769,0.3061029
0.0032103,2.2230997,9.2273073,29.8414288,8.8853064,7.5432587,5.0155773,8.2432346,0.4569818
0.0032159,2.6127176,8.5048952,33.3544312,8.4894323,7.2369232,5.1414928,8.0279026,0.1320306
0.0032216,2.8143167,7.9882331,38.0607910,8.2371740,7.0759125,5.4001598,8.6913548,0.3759881
0.0032272,2.5587320,8.0067263,42.8760986,8.4924231,7.1623993,5.6224499,7.7421365,0.2688104
0.0032328,2.2354898,8.1859255,47.9487305,8.7513342,6.9149628,5.3871593,8.3067112,0.3690301
0.0032384,2.3823709,7.6433234,52.6758423,9.2089148,7.0255585,5.6076794,8.0506077,0.5226556
0.0032441,2.5573893,6.8577399,57.1384277,9.1310339,6.2261810,5.3487072,8.3186741,0.3549920
0.0032497,2.5464029,7.0669074,60.7799683,8.5713415,6.6968842,5.6699352,7.9982400,0.5090448
0.0032553,2.5070963,6.4453254,62.4621582,9.5967932,6.6380463,5.7738171,7.8543191,1.0224725
0.0032609,2.5082865,6.8775153,62.5722046,9.4660559,6.1992035,5.8738537,7.5051980,0.8564569
0.0032665,2.6884317,6.1177497,62.2826538,9.8158484,6.2739105,5.6261730,7.3765359,0.7610589
0.0032722,2.4584513,6.3699470,61.1436768,10.3159094,6.3093109,5.8685436,6.8460183,0.8119012
0.0032778,2.5069742,5.9029670,59.1234741,9.9462194,6.3713226,6.0559826,7.7294412,0.6529046
0.0032834,2.5685587,5.6356330,58.5881348,10.1746130,6.0253754,6.5070934,6.8364968,0.9942132
0.0032890,2.3654032,5.5996833,57.1738281,10.2872839,6.2259369,6.4525890,7.1007791,1.1421014
0.0032947,2.7290812,6.1742072,56.1604004,10.6635656,5.7912445,6.5074596,6.2129617,0.7888299
0.0033003,2.5363016,5.4456306,55.2729492,11.3546667,6.2217255,6.8697643,6.9068093,0.6936761
0.0033059,2.6049356,5.4589972,54.7160645,10.9731359,6.5029755,6.6561413,7.1308084,0.7924310
0.0033115,2.3303995,5.4549689,54.0668945,11.5586462,6.3380585,6.9006481,6.1256814,0.8188592
0.0033171,2.5390482,4.9535041,51.6484985,12.9520178,5.9994965,6.5109997,6.6332498,0.8082391
0.0033228,2.5982828,4.8211188,48.3050537,12.8174353,6.1736908,6.7959118,6.8756814,0.5476190
0.0033284,2.5945292,4.7522101,43.7648315,13.1694250,6.2061615,6.9141369,6.2544656,0.8620111
0.0033340,2.5204325,4.8228889,39.8427734,13.6967688,6.5673676,7.4439220,6.6881814,0.8839227
0.0033396,2.4997416,4.3695807,36.4408569,14.0609045,6.5175018,7.3467541,6.4622293,0.6502191
0.0033453,2.3890543,4.3027472,32.8715820,14.2007971,6.3287201,7.7920055,6.2864480,0.9976312
0.0033509,2.5981607,4.2674689,29.6465435,15.1127234,6.8624725,7.4907360,6.0907693,0.5590326
0.0033565,2.5873575,3.9918342,27.0559063,15.0194616,6.4681854,8.0903454,5.6287332,0.7584955
0.0033621,2.6003275,4.0401740,25.4736309,15.7726965,6.2642670,7.7421398,6.5536599,0.7705194
0.0033677,2.3046427,4.2796760,23.4315166,16.1842556,6.2113495,8.1836071,5.5302224,0.9744989
0.0033734,2.2074747,3.7368903,22.0967388,16.6273708,6.7535248,8.1938000,5.6585183,0.7075921
0.0033790,2.1082315,3.6052985,20.8905621,16.9014797,6.8068085,8.3108654,5.8972878,0.8689691
0.0033846,2.1012430,3.3598762,19.7376690,17.5618191,7.4116058,8.4421520,5.6282449,0.8574945
0.0033902,2.5051737,3.3693366,18.5885601,17.8659573,6.7249603,9.1951427,5.3078103,0.8810540
0.0033959,2.0747538,3.7724128,17.8740215,18.4843655,6.7394867,9.2141247,5.6560769,0.9437982
0.0034015,2.3542948,3.7286506,16.9119244,19.0627956,7.1872406,9.1660290,5.8093972,1.2181512
0.0034071,1.8541727,3.8095222,15.7675161,19.7293606,7.1465912,9.3715954,5.4149880,0.9719964
0.0034127,2.0616922,3.4878058,14.6279898,20.1241360,7.0640717,8.8486462,5.6198220,1.0774041
0.0034184,2.1303263,3.1966071,13.8970327,20.7195339,7.3677826,9.9334850,6.1399636,1.3143426
0.0034240,2.2230082,4.1551642,12.9719839,22.1234035,7.4969940,10.3266735,5.1548562,1.3028070
0.0034296,2.2773600,3.5996833,12.1718130,23.0011501,7.1950531,9.6207409,6.0130105,1.9679681
0.0034352,2.2950296,3.2285285,11.1412954,23.9791775,7.5549164,9.8341198,5.6883035,1.6515619
0.0034408,2.0696878,3.5174689,10.6629019,25.0900784,7.4714813,10.0368786,5.7588601,1.5583001
0.0034465,2.2447977,3.7802253,10.0513296,26.8553371,7.5270844,10.0577526,5.4270730,1.8518792
0.0034521,2.1576700,3.4668097,9.7167349,28.1935329,7.6927338,10.0285168,5.5639138,2.0211298
0.0034577,2.0258951,3.5587897,9.0930777,30.9271755,7.5809174,10.3579845,5.6690164,1.7892572
0.0034633,2.3397379,3.9397712,8.4824209,33.8276291,7.7936859,10.0176525,5.9520974,1.9787713
0.0034690,2.0153971,3.7081428,8.2544546,37.8278122,7.7927094,10.2880383,5.9887185,2.1997187
0.0034746,2.1631327,3.8737311,8.2767324,41.7965622,7.9192352,9.6959972,5.7287087,2.4099848
0.0034802,2.2557840,3.5764899,7.5381455,47.4334030,7.5621796,9.1471691,6.2720437,2.8189204
0.0034858,1.9001627,3.7706428,7.7975450,53.3749924,8.0189667,9.4806042,6.5735574,2.9530146
0.0034914,2.0835733,3.8361945,7.2360215,58.6887741,7.9020233,9.2205334,7.0105691,2.3960078
0.0034971,2.0663004,3.5348029,7.0903916,63.7955856,8.5056000,8.6718884,6.0426736,2.4044306
0.0035027,1.9883890,3.8268561,7.0144639,68.2152023,8.7581635,8.7687511,6.5115457,3.1698115
0.0035083,1.9759989,3.7796760,6.9224229,71.0822678,8.0068207,8.1907482,7.3954568,3.1637690
0.0035139,2.2209024,3.2732673,6.4293199,71.8566208,8.3207245,8.4997692,6.8727517,2.9486811
0.0035196,1.9998026,3.4137092,6.2207017,70.9519577,8.4069061,8.0835705,6.6439919,3.0321772
0.0035252,2.1102152,4.0803351,6.1452622,70.0893478,8.4822845,8.0106945,6.9525857,3.1558955
0.0035308,2.0623026,3.5609260,5.7681870,68.7902756,8.9523163,8.0412731,7.3573709,3.3642695
0.0035364,1.9787149,3.2672858,6.0191026,67.6873093,8.8602142,7.2493420,7.7176003,3.3006098
0.0035420,2.0418558,3.8079963,5.5876451,66.0250778,9.1222382,7.8603039,7.5789285,3.6546137
0.0035477,1.9218607,2.9873176,5.6899400,64.8967209,9.4701996,7.6474743,6.8413796,3.7646601
0.0035533,1.9429178,4.0381598,5.4245591,63.1778488,9.4788055,7.4754162,8.1227512,3.8532221
0.0035589,2.3700724,3.3995490,5.3728013,63.4486618,9.9237518,7.5472546,7.8274636,3.7812006
0.0035645,2.4930887,3.5265021,5.5461411,62.6285934,10.2052460,7.6820202,7.8286843,3.8075068
0.0035702,2.4675150,3.7203498,4.8450303,61.2167282,10.3069305,6.8393688,7.6719460,3.6635249
0.0035758,2.4732828,3.5669074,4.9758286,58.0114670,10.5273895,7.4162121,8.2943821,3.4748652
0.0035814,2.7016153,3.8896003,4.7756944,53.2596359,11.1536713,7.6747570,7.4874978,3.8157465
0.0035870,2.5181131,3.4002204,4.4980454,48.3910446,10.8035736,7.0434093,8.2921848,3.3321040
0.0035926,2.5890055,3.6801887,3.9047229,44.3759689,11.4330902,7.3238659,8.1782932,3.5332758
0.0035983,2.6018534,3.0276618,4.1348863,40.4471359,12.4866791,7.2794933,8.4278049,3.3888667
0.0036039,2.6295328,3.3759284,4.4017320,36.2728806,12.3559418,7.1153088,8.6344700,3.3684199
0.0036095,2.7210245,3.1721931,4.3170762,34.0273972,12.6178436,7.4150524,9.2759495,3.3089106
0.0036151,2.4914103,3.2779670,3.9987781,30.7449856,13.2317963,6.9207897,8.5905247,3.3527949
0.0036208,2.6111002,3.1734748,4.0960069,28.4770412,12.9976654,7.1296520,8.7494602,2.9340937
0.0036264,2.5112772,3.3238654,3.6856067,26.2246609,14.3417206,7.1056652,9.9437962,3.4714472
0.0036320,2.6957865,3.0580573,3.9636829,25.1304226,14.8602142,7.9024792,9.5012913,3.3437617
0.0036376,2.0290995,3.0039191,4.0174546,23.1596584,15.0407562,8.1709728,9.6955051,2.8878291
0.0036432,2.4753580,3.0484138,3.7463367,22.0409451,15.3574677,7.5913830,9.5687962,2.8577387
0.0036489,2.3384562,3.3598762,3.7075794,21.4190578,15.9622650,8.0251598,10.1550999,2.9460566
0.0036545,2.1263590,3.1706061,3.9836414,19.9005642,16.0511322,8.1945934,10.0890598,3.0512202
0.0036601,2.0028238,2.7558722,3.8273914,18.9982815,16.4665985,8.4226818,10.0551243,3.0083735
0.0036657,2.2401285,3.0055060,3.8991077,17.8782864,16.8826141,7.9622936,10.6499729,2.6050532
0.0036714,1.8806620,2.8580451,3.7557971,16.1263943,17.5610809,7.9499645,10.9426975,3.0112422
0.0036770,1.7992105,2.8028083,4.0534043,15.4735632,18.1160736,8.2497692,11.0676975,2.8736079
0.0036826,1.9259195,3.1596808,4.1887193,14.9822912,18.7540741,8.0590343,11.4967747,2.9351313
0.0036882,1.8702250,2.5956550,3.7558582,13.6943884,19.0066986,8.2957287,11.8122044,2.7584345
0.0036938,1.8554239,2.8422370,3.6463001,12.7298498,19.9228973,8.0154552,11.5429173,2.8183100
0.0036995,1.6164713,2.6259284,3.9844959,12.5183020,20.6647797,8.8830700,12.3827610,2.7155879
0.0037051,1.7262430,2.8630500,4.0437608,11.6314611,21.5173798,8.0603771,11.8208714,2.6481440
0.0037107,1.8949442,2.7562995,3.8993518,11.1546545,22.9371185,8.3869152,12.4856663,2.5825922
0.0037163,1.7863016,2.5053229,3.5179431,10.5792150,23.8481903,8.8014660,12.2875462,2.5125239
0.0037220,1.5537271,2.9974494,3.5401599,9.9771643,25.1097260,8.9043713,12.7918186,2.6135981
0.0037276,1.4666910,2.8903327,3.8756702,9.6404943,26.8176727,8.7708263,12.4275608,2.7667353
0.0037332,1.5419474,3.2669196,3.5395496,9.1972570,29.3882904,8.4459362,13.2931614,2.8552973
0.0037388,1.4634256,3.2077155,3.6097400,8.9466467,31.8613739,8.5089245,13.8056126,2.9031489
0.0037444,1.7660990,2.9528327,3.8814075,8.6559362,35.2876434,9.0853405,13.0812473,2.5286982
0.0037501,1.6401224,2.9694343,3.7655017,8.5541296,40.2585907,9.1109142,13.1467991,2.2721064
0.0037557,1.7295084,3.2324347,4.0225816,8.6550207,45.0679779,9.3281994,12.7642307,2.8809931
0.0037613,1.1707010,2.8676887,3.9492176,8.1320715,49.8164520,8.8811169,13.8277073,2.6021235
0.0037669,1.1256571,3.0745978,3.8854358,8.1444006,54.8425751,9.2530041,13.7318821,2.6585200
0.0037726,1.3567057,3.0582404,3.5534656,7.5881262,59.3032684,9.4834728,13.8377171,2.5653803
0.0037782,1.3736124,3.0757575,3.6906116,7.5661535,62.4495087,9.1747570,13.8067112,2.7010615
0.0037838,1.2837992,3.3820319,3.4455554,7.0536413,65.0898895,9.6775646,13.9309788,2.8144648
0.0037894,1.1739969,3.7512336,3.6718128,7.6390905,65.5737152,9.8941174,13.4801731,2.3614619
0.0037950,1.2597208,3.5778937,3.2089832,7.2854528,64.0651093,9.6426525,13.9629612,2.6078608
0.0038007,1.2090921,3.3739753,3.1843860,6.5030432,63.7178802,10.3145275,13.3405247,2.4920771
0.0038063,1.1473551,4.2056403,3.9557483,6.5331945,62.0441742,10.2813244,13.0790501,2.5980341
0.0038119,1.3720255,3.6678596,3.6289051,6.2424231,61.2386322,10.1798229,12.8729954,2.9917719
0.0038175,1.0677958,3.6764655,3.6544788,6.5739050,59.9748993,10.5770397,12.0979710,2.8556025
0.0038232,1.3647623,4.0190558,3.7293689,5.9907141,59.3504486,10.7047863,12.6625462,2.9054072
0.0038288,1.2184000,3.1913581,3.2685535,6.0435705,58.5705414,10.7146130,11.6109104,3.0594599
0.0038344,1.5253153,3.6577888,3.5804431,5.6749792,58.8316498,10.8318615,11.3747044,2.9603999
0.0038400,0.8637857,3.4372687,3.5077503,5.5906286,58.8556366,11.0775890,11.0506077,2.8861811
0.0038456,1.4828348,3.6029181,3.4688098,5.4283361,57.3345795,10.6691418,11.7645969,2.7494013
0.0038513,1.0663004,3.7840705,3.4599597,4.7864904,54.0960541,11.4166393,10.6703587,2.6858027
0.0038569,1.1672831,3.6212287,3.3506458,4.8843298,49.3259735,11.9506969,10.6673069,2.9882319
0.0038625,1.1314859,3.2422004,3.4517200,5.0681067,45.5287933,11.7964611,10.3317356,3.1016963
0.0038681,1.3828897,3.2447028,3.6852405,4.7076941,41.2761078,12.0985851,10.7388401,2.8480952
0.0038738,1.2377787,3.2317634,3.3422840,4.6099157,37.2624969,13.0496960,11.0189915,3.0268061
0.0038794,1.1103373,3.2242560,3.3509510,4.7065344,34.2786102,12.8273449,10.2633762,3.6083491
0.0038850,0.8007974,3.4592414,3.1059558,4.8894567,30.9539032,13.1093273,10.4727268,3.3642695
0.0038906,0.6683206,2.6040778,3.1721790,4.7581701,28.4437714,14.1461926,10.4817600,3.3079340
0.0038962,0.7484292,2.6680427,3.2783802,4.2581091,26.9395599,14.1274548,10.5878391,3.3101923
0.0039019,0.7016763,2.7119880,3.3001087,4.6710119,25.1216888,14.8068981,10.1792698,3.6353266
0.0039075,1.0776834,2.9292731,3.3878772,4.5118933,23.8611298,15.3339367,10.1500950,3.4795649
0.0039131,0.6291360,2.7614264,3.0363147,4.8153601,22.4170380,15.5445690,10.0275364,3.7631953
0.0039187,0.8247842,2.8825812,3.4711902,4.4750891,21.7004242,16.1157360,9.6200657,3.9791987
0.0039244,0.6006021,2.5662971,2.7127674,4.1902990,20.6370087,16.6475353,9.9540501,3.4411128
0.0039300,0.5020913,2.4248786,2.9498889,3.9044101,19.4059906,17.2843151,10.6052952,3.5863154
0.0039356,0.4956216,2.2892585,3.1164539,4.5301428,18.7979584,17.2996349,11.1467991,4.1598625
0.0039412,0.3469705,2.9574103,2.6747425,4.3864050,16.9771576,18.1695080,10.7230930,4.0252800
0.0039468,0.5672159,2.6727424,2.8048694,4.6181555,16.4714813,18.8134899,10.6098118,4.1551628
0.0039525,0.7447671,2.6313605,2.5913684,4.7892370,15.1536102,19.5110607,10.5772190,4.1022453
0.0039581,0.3178567,2.0112433,3.2083118,4.2511511,13.7692719,19.4051037,10.0962620,3.9975703
0.0039637,0.3196267,2.3712287,3.1149890,4.4733801,13.3527069,20.4561901,10.5003147,4.0971184
0.0039693,0.8292093,1.8039068,3.1110828,4.3392248,12.2462006,20.7271862,10.7924290,3.9892695
0.0039750,0.6352090,1.6825079,3.1000965,4.4375525,11.7898407,21.9505138,10.8998508,4.3921013
0.0039806,0.6796121,2.3671393,3.2459095,4.8432531,11.3595428,22.5548229,11.5994358,4.2974358
0.0039862,0.6016397,1.7268804,2.9414661,4.8329992,10.7284393,23.3620129,11.0077610,4.0953484
0.0039918,0.5293130,1.5736212,2.7812488,4.2415686,10.0266571,23.9372692,11.3341770,4.5595207
0.0039974,0.8183755,1.3864874,3.0565174,4.0286169,9.8442230,25.6555920,11.1652317,4.1908073
0.0040031,0.6624002,1.6819586,3.0632312,4.4434118,9.8251801,26.5762463,10.9223118,4.8186760
0.0040087,0.5110635,1.7442755,3.1942127,4.7700720,8.7775116,27.9620495,11.8230686,4.8782463
0.0040143,0.5814981,1.7376226,3.3642566,4.6269445,8.7743988,29.8644543,11.2671604,4.8258171
0.0040199,0.7811136,1.7342657,3.5567005,4.4913244,8.3784027,31.5095959,11.5293674,5.0283928
0.0040256,0.6317605,1.5227178,3.4161365,4.9297400,8.2028046,33.6972771,11.3246555,4.9563713
0.0040312,0.5847940,2.1673713,3.7972400,4.7917395,8.2830048,37.2463493,11.8712864,4.9989128
0.0040368,0.5895547,2.3128791,4.0010362,4.6823034,7.7299652,41.6121941,12.3259983,5.4942741
0.0040424,0.6953897,1.6580328,3.9815052,4.6165075,7.8452606,46.3698845,11.8224583,5.5228386
0.0040480,0.6099405,1.7261480,3.8318470,4.2823400,7.3841400,51.6583977,11.6975803,5.3501091
0.0040537,0.3968057,2.1701179,3.9056995,4.7351599,7.1600189,57.2753410,12.5291233,5.5135612
0.0040593,0.4129495,1.7892584,4.1995225,4.1520910,7.0286713,62.9542961,12.0437717,5.7000847
0.0040649,0.8574991,2.2264533,4.2365098,4.6222448,6.9399872,68.0062408,12.5291233,5.7800407
0.0040705,0.3837137,1.7816900,3.9230335,4.4127111,6.7899628,71.0060577,12.5399876,5.6247063
0.0040762,0.4966897,1.8166631,3.6040637,4.1291418,6.5459442,73.8319855,11.4429417,5.8913078
0.0040818,0.5557413,1.7375616,4.1512437,4.1608191,6.2938690,74.9011383,12.6723118,6.5043449
0.0040874,0.4471902,1.8078130,3.8785999,4.2838049,5.7430878,74.1782990,12.8092747,6.2407951
0.0040930,0.2399148,1.4497198,3.7684925,4.2407141,6.2263031,73.3410797,12.1198215,6.1847649
0.0040986,0.5593728,1.3482183,3.7338245,4.4393225,5.5820160,72.4392853,12.9624729,6.3851433
0.0041043,0.3973245,1.0729498,3.0368640,3.9369419,5.2773285,69.6051788,12.8753147,6.4597282
0.0041099,0.1011514,1.5958990,3.6091297,3.6558750,5.1683197,68.7205963,13.2421360,5.9943352
0.0041155,0.3535623,1.0219854,3.2232044,3.8244541,5.4730072,67.3596954,13.5121555,6.2862663
0.0041211,0.2329568,0.5346807,3.2133167,4.0181189,5.3318329,66.1945343,14.4362278,6.2841301
0.0041268,0.2471170,0.8343023,3.3737171,4.4164343,4.7909393,65.6692657,13.3467503,6.1649895
0.0041324,0.2248392,1.5245489,3.1458118,3.7449863,4.7758026,65.2152252,14.0355930,5.9089470
0.0041380,0.0272684,1.0621465,3.0507190,3.7766025,4.9330292,63.8151970,13.6779270,6.2085686
0.0041436,0.2011575,0.8224005,2.4857166,3.8423984,4.7070770,60.5773430,13.9987278,5.8228874
0.0041492,0.3291482,0.8993047,2.7152088,3.6402500,4.2502899,56.0198479,14.1144505,5.8577995
0.0041549,0.2507486,0.8131841,2.5604846,4.3414831,4.1147919,50.3530998,14.9204807,5.5119133
0.0041605,0.2409524,0.4064459,2.9326160,3.1418369,4.7238617,46.4729118,14.9832249,5.6386833
0.0041661,0.1103982,0.6425909,2.9888294,3.6104648,4.2739716,42.2925529,14.8388157,5.5561028
0.0041717,0.4377603,1.0404180,2.6260974,3.5488803,4.3068085,38.6759148,15.8477268,5.2713737
0.0041774,0.0943460,0.5052618,2.3613880,3.7579868,4.5806732,35.3350334,16.0061741,5.3115349
0.0041830,0.2848367,1.4419683,2.6514881,3.9417636,4.3116913,32.1731071,16.8677464,5.3643303
0.0041886,-0.0691672,1.1210455,2.4603870,3.5453403,4.2336273,29.5268078,17.3737278,5.0309563
0.0041942,0.3148355,1.2812017,2.2130115,3.8735874,4.4602509,27.3272839,17.6132298,4.9577751
0.0041998,0.3433999,0.6605963,2.0983875,3.7241123,4.0931854,25.7832775,17.9656467,4.5036736
0.0042055,0.0633706,1.0902838,2.2811267,3.6354282,4.3705902,25.2221203,19.3948460,5.1140862
0.0042111,0.2081766,0.8961920,2.3604114,4.0598669,4.3731537,23.6468639,19.9579563,4.9456902
0.0042167,0.2298440,0.8268560,1.9930408,4.0345373,4.2184296,22.3361340,20.8561497,4.7034416
0.0042223,0.1590433,1.4459966,2.2130115,3.7380893,4.5220795,21.8581066,21.2456760,4.7927971
0.0042280,0.2326517,1.1087164,1.9190662,3.8147495,4.0361786,20.2393322,21.6728001,4.6087151
0.0042336,0.0907144,1.0465215,2.2046497,3.5854404,4.2972870,18.8160534,21.5008030,4.8164787
0.0042392,-0.1235495,1.0327886,2.1129749,3.6995761,4.1463470,17.8828869,23.2746067,4.5500603
0.0042448,-0.0789328,0.8390020,1.9970691,4.2877722,4.5044403,16.9133434,24.0839329,4.5403557
0.0042504,0.0197915,0.5918096,1.8631580,3.8965976,3.8885956,15.8895397,23.9893284,4.2398796
0.0042561,0.0585184,0.6788458,1.7412708,3.6347568,4.3867645,15.2215099,24.4433079,4.6426506
0.0042617,0.0086831,0.6095098,1.9064929,3.8998325,4.0447845,13.7238293,25.3665257,4.3997307
0.0042673,0.0902566,0.1670660,1.8645008,4.5112219,4.1761322,13.7229748,25.8766575,4.5060539
0.0042729,0.3939981,0.7747930,1.9804676,4.2453527,4.4517670,12.0125866,25.9918919,4.2468987
0.0042786,0.2731790,0.8419927,2.3729846,4.0524817,4.1191864,12.2152233,27.3205051,4.5090446
0.0042842,0.3361978,0.5489630,2.1817615,4.3038855,4.2221527,11.2149181,28.2232151,4.7782707
0.0042898,0.1466226,0.4267706,1.6830432,4.4168005,4.3023529,11.0349255,29.0934544,4.5431633
0.0042954,0.3206643,0.7789434,1.9040515,4.4876013,4.3461761,10.0542126,30.7179661,4.8075676
0.0043010,0.4460000,0.5972418,2.1373889,4.8045568,4.2148285,10.0990734,31.0557346,4.9453850
0.0043067,0.2990884,0.5155157,2.1502674,5.3978796,4.1591034,9.4585705,32.6215324,4.8482780
0.0043123,0.0530862,0.0986456,2.4088733,4.8674841,4.4405365,9.9929943,34.1375237,4.7472038
0.0043179,0.3402566,0.6114019,2.1040027,4.5483923,4.1650238,9.2646618,36.4079094,4.6619377
0.0043235,0.1353311,0.4409307,1.9454334,4.9318762,4.4544525,9.1149426,37.5650139,5.1358757
0.0043292,0.2624673,0.3761724,1.8905628,4.9044104,3.9943085,9.1498547,39.7687492,5.2191277
0.0043348,-0.0590964,0.4550298,1.6986072,5.1838903,4.0172577,8.4607677,42.3902092,4.9105339
0.0043404,-0.3338462,0.5220464,1.3402088,4.9273596,4.2502289,8.2741222,45.2340813,4.7114983
0.0043460,-0.2464438,0.3867925,1.1933582,4.5527868,3.9413910,8.0119762,49.0232658,5.0824089
0.0043516,0.1969766,0.7040533,1.0839221,5.0479040,4.1993256,8.2732677,54.5542717,4.9620476
0.0043573,0.1569986,0.4663213,1.3486316,4.2777014,3.9854584,7.5117321,60.1045647,5.0130730
0.0043629,0.0413370,0.3287481,0.8904407,4.4428015,4.0615692,7.5377331,67.0536575,5.1192741
0.0043685,0.0039224,0.5183843,1.2958362,4.6011267,4.0085297,7.1254406,74.5037308,5.2830315
0.0043741,0.2711648,-0.0156733,1.4349964,4.0909338,3.9346771,6.9899426,81.6886673,5.3210564
0.0043798,0.0861062,0.0915655,1.3654773,4.0913610,3.4807587,6.9761486,88.8693314,5.2531853
0.0043854,0.1081399,0.3307012,1.2836902,3.5360630,4.0298309,7.1593151,94.3173294,5.2190666
0.0043910,-0.1186057,0.2674688,0.9354846,3.5776279,3.4949188,6.9885998,97.9817581,5.2361565
0.0043966,0.0780801,0.4483160,0.8244007,3.4138706,3.8282928,6.7208996,100.2545853,5.6277580
0.0044023,0.2154703,0.4024786,0.6951892,3.8168857,3.9786835,6.4525280,99.8333206,5.4768181
0.0044079,0.2447366,0.6575445,0.7337024,3.3876255,4.0909271,5.6380138,98.3434525,5.3533440
0.0044135,-0.0171347,0.2821172,0.7698352,3.0901401,4.2684784,6.2216930,96.6161575,5.5518303
0.0044191,0.1401834,0.5500616,0.6839588,3.3692539,3.8017426,5.9613781,94.5396194,5.6515007
0.0044247,0.1313333,0.3693365,0.9014881,3.1388462,3.6617889,5.7385998,92.7493362,5.6143913
0.0044304,-0.1225730,0.3484625,1.0228260,3.6537387,3.6479340,5.5568371,91.5435257,5.4239006
0.0044360,0.3525247,0.4652838,1.6398914,2.8218296,3.7267303,4.9458141,90.3945999,5.6916618
0.0044416,0.4064798,0.4179205,1.0075061,3.1719882,3.8124237,5.3894176,89.5200882,5.6563835
0.0044472,0.2401895,0.0678228,1.0872180,2.8724887,3.7572479,5.0718517,89.9993362,5.7799187
0.0044529,0.0377969,0.0826544,1.2264392,3.4482334,3.4045258,5.2027721,88.9644241,6.0554314
0.0044585,-0.3630820,0.0460333,1.2064197,3.0878208,3.4064178,5.0729504,84.6481400,5.8330193
0.0044641,0.2279214,0.2296270,0.9635608,2.4083164,3.5894012,4.9245739,78.9583206,6.0041008
0.0044697,0.2414712,0.0829595,1.3137195,2.7546909,3.7058563,5.2196178,72.5319290,6.2413445
0.0044753,0.0217447,0.7487310,1.0267322,2.1178501,3.5955048,5.0647106,66.6541214,6.5654411
0.0044810,0.0999917,0.1456427,0.7300403,2.2914340,3.4191132,4.6535778,60.6214104,5.9035149
0.0044866,0.2105569,0.0785040,0.6322010,2.4766757,3.3602753,4.9492931,55.3429680,6.4307365
0.0044922,0.5540323,0.0849737,0.8747547,2.6725986,3.5801239,4.8014660,50.3314934,6.2895622
0.0044978,0.3078470,-0.0963007,1.1436145,2.5358799,3.3829803,4.9915295,45.3565178,6.5041008
0.0045035,0.1071634,-0.4796015,0.5081775,2.5605991,3.1968842,4.6775646,42.8339348,6.5689201
0.0045091,0.0863199,0.0468878,0.8117054,2.8178012,3.3984222,4.6623058,38.7671623,6.9829826
0.0045147,-0.0214987,0.0972418,0.7753894,2.2700107,3.5934296,4.6363049,37.6057854,7.2810173
0.0045203,0.2284402,0.3236822,0.6096790,2.5292881,3.3831024,4.5603161,35.7313957,7.0645256
0.0045259,0.0170144,0.2379888,0.8717029,2.5459507,3.7035370,5.0979748,34.3336906,7.5261345
0.0045316,0.5843667,0.0138067,0.9944446,2.5459507,3.2311859,5.5413342,32.1249504,7.7788811
0.0045372,0.2868204,0.3043951,0.6479480,2.5206821,3.6245575,5.4331188,30.8516331,8.2183952
0.0045428,0.2254495,0.0527471,0.5332019,2.4918125,3.9665985,4.8704967,29.2392063,8.2789421
0.0045484,0.0919046,0.1921514,0.8754261,2.8530185,4.1128387,4.8947887,27.0084934,8.5977287
0.0045541,0.5094156,0.0543951,0.1917713,2.3475254,4.0805511,5.0543346,25.6774387,8.9624748
0.0045597,0.4020242,0.1345953,0.4168079,2.3787754,4.1261444,4.9460583,23.7238255,9.5650139
0.0045653,0.0283670,0.3064092,0.6301258,2.5369785,4.1210785,4.9482555,22.5446262,9.4630241
0.0045709,0.2207193,0.2854131,0.3703601,2.9960239,4.2753754,4.8535290,20.7432346,9.6759758
0.0045765,-0.0688010,-0.0619990,0.4567859,2.1030185,4.6446991,5.0579357,20.6103001,9.9097404
0.0045822,0.0586404,0.2172979,0.5409534,2.2427280,4.2110443,5.5655651,19.3767796,10.7185173
0.0045878,-0.1987448,-0.0621821,0.7570789,2.2028110,4.2579193,5.1246471,17.6398411,10.8783073
0.0045934,0.4799051,-0.0720087,0.3905017,1.6780918,4.3437958,5.3825817,16.9118137,10.7514763
0.0045990,-0.0675498,0.4293340,0.4229724,2.0483310,4.6550140,4.9264660,16.9466038,10.9400749
0.0046047,-0.0622397,-0.1013666,0.4218128,1.7831333,4.8748016,4.5999279,15.7702122,11.1478996
0.0046103,0.2137308,0.0503057,0.4025867,0.9590366,4.6572723,4.5374279,14.1765842,11.4140739
0.0046159,0.0190286,0.2771124,0.8150012,1.7522495,4.5374603,4.8844738,13.8992405,11.9552727
0.0046215,0.3430948,-0.0411860,0.7078846,1.7177036,4.6076508,4.7233410,13.8021946,12.1037102
0.0046271,0.0193948,-0.3375117,0.0315540,1.8054721,4.0953827,4.7511120,13.1315403,12.4436760
0.0046328,0.2924356,0.3212408,0.4326770,1.7303989,3.9396820,4.9282360,12.7494602,13.0973015
0.0046384,0.1074075,0.3208746,0.3147571,1.7698276,4.1217499,5.0573864,13.3794651,13.5805779
0.0046440,-0.0968161,0.3512090,0.3724964,1.8846347,4.0692596,4.8484631,12.4751682,13.9655266
0.0046496,0.2430276,-0.0333124,0.4062488,1.2743442,3.4154510,4.7556286,12.1398411,15.0239983
0.0046553,0.3211526,0.1970343,0.5443103,1.1081455,3.7006683,4.2844982,11.9303684,15.5663567
0.0046609,0.4054727,0.3664678,0.1900623,0.9189976,3.8271942,4.3526134,12.0120335,16.3243523
0.0046665,0.1542215,-0.0006586,0.0830066,1.0084751,3.5688324,4.5639172,11.6814671,16.9989738
0.0046721,0.1464700,0.0008062,0.0796497,0.9316929,3.0555878,4.6881237,12.0001926,17.9072990
0.0046777,0.1112222,0.4510626,0.4074695,1.4291294,3.6699066,4.3379040,11.1248264,18.8961296
0.0046834,0.0805520,0.0885748,0.4637439,1.9263217,3.2962494,4.4440441,11.0633030,20.3922844
0.0046890,0.2409829,0.4883550,0.4343250,1.3505161,3.0337982,4.3458385,9.7793674,22.3731194
0.0046946,0.1316690,-0.3434321,0.1672962,1.5629795,3.1095428,4.5640392,10.4090061,24.9879265
0.0047002,0.0714578,-0.0333124,0.4799182,0.8879917,3.2047577,4.1536388,9.7268772,27.6285515
0.0047059,0.0890664,0.2750372,0.4000843,1.4101474,2.7969818,4.4830456,8.9187717,30.1312981
0.0047115,0.4846963,0.2027716,0.2479846,0.9942539,3.0260468,4.3693981,9.2873020,33.4043694
0.0047171,0.3361673,0.5731939,0.0367420,1.3134067,3.0307465,4.8125744,8.6333714,35.8205070
0.0047227,0.0018472,-0.2280756,0.1631458,0.9432896,2.8498383,3.7901132,8.1746311,39.2945671
0.0047283,0.3000955,0.7525762,0.3963611,1.1768100,2.7450409,4.2423840,8.3245335,41.2617912
0.0047340,0.0865030,0.1873297,-0.1081555,1.3309848,2.5469208,4.1179333,8.2538548,42.7718620
0.0047396,0.0029153,0.0333380,-0.1437390,1.3349521,2.2524872,3.6755502,7.2969460,42.8096428
0.0047452,0.0926980,0.1711553,0.6256702,0.7831333,2.5734100,3.6813486,7.8758035,42.8403435
0.0047508,0.0862283,-0.1089350,0.3349597,1.2857578,2.3699188,3.8698251,7.8640847,42.6717033
0.0047565,0.1829080,0.3961920,-0.0365613,0.9111851,2.6354218,4.4696789,7.0624490,41.6631584
0.0047621,0.1424417,0.4865240,0.0462635,0.7693394,2.5810394,3.9820077,6.8432107,40.6556511
0.0047677,0.0140542,0.7080816,0.1491687,1.1357944,2.6304169,3.6970346,7.3095193,40.0927238
0.0047733,0.4223489,0.0336431,0.1470325,0.8854893,2.2864227,3.8792856,6.9560037,40.2644157
0.0047789,0.1567850,-0.0582148,0.2128894,1.1133335,2.6752777,3.2852304,6.7355447,40.1584587
0.0047846,-0.1736594,-0.1040522,0.2374866,1.1409824,2.3924408,3.3929574,6.8462625,40.6204338
0.0047902,-0.0528708,0.3068975,0.3338611,0.7384556,2.7270355,4.0911388,6.6939187,40.7680168
0.0047958,-0.0258322,0.1100591,0.2147815,0.8472813,2.3889008,4.1775646,7.2862039,39.9436150
0.0048014,-0.1114340,-0.3973261,0.3930042,0.9153965,2.0234833,3.8291757,7.2298074,37.8222771
0.0048071,0.2957925,0.4929327,0.0474231,1.0778110,2.2195282,3.8939950,6.8954568,35.2989006
0.0048127,-0.1335288,0.4097418,0.2707508,0.9542759,2.2384491,3.9895761,7.1162820,32.5367546
0.0048183,0.1649331,0.2556280,0.5435779,0.8710240,2.3578339,4.2239513,7.1249490,30.0810661
0.0048239,0.1229715,0.0307134,0.3257434,0.8013828,2.5768280,4.1417980,6.2392068,27.2586784
0.0048295,-0.0289450,0.1329473,0.3104236,0.6851109,2.4990082,3.6182992,6.1823220,24.8679314
0.0048352,0.1545267,0.6847051,0.2482898,0.5767735,2.5837860,4.7515392,6.5678201,22.3158073
0.0048408,0.2436380,-0.0458246,0.2490222,0.4545811,2.5754242,4.7302990,6.4641824,20.9741936
0.0048464,-0.1089621,0.3299688,0.2581775,0.6593540,2.2416840,4.4094982,6.3279519,19.2381096
0.0048520,0.2356729,0.5304083,0.1461780,0.9255283,1.8783418,5.1456432,6.8482156,18.4066277
0.0048577,0.2796182,0.1267828,0.0559070,0.5538853,2.1887054,4.2813244,7.1792703,17.6641960
0.0048633,-0.0345297,0.7174810,0.0565784,0.3046787,1.8828584,5.1517467,6.6236062,16.5796013
0.0048689,-0.2058249,0.1047491,0.2860096,0.2611607,1.7034150,5.3474865,6.7272439,16.1662712
0.0048745,0.3135538,0.1198248,-0.0310071,1.0171421,1.7714692,5.0470104,7.0032449,15.2799187
0.0048801,0.1955728,-0.0402094,-0.1120617,0.7120884,1.3547822,5.0101452,6.8112283,14.6341667
0.0048858,-0.0233603,0.4181036,-0.0516980,0.4737461,0.8298188,5.0028820,6.8821511,13.9585686
0.0048914,0.1876077,-0.2866694,0.3453968,0.3394688,1.2975312,4.6010265,6.6529031,12.7773552
0.0048970,0.2137918,0.4253668,0.0588977,0.5797642,1.5737153,5.1112194,7.0412087,12.1301994
0.0049026,-0.0415793,0.5774053,0.0861194,0.6876133,1.8611299,5.6222057,6.3767800,11.4114494
0.0049083,0.1135721,0.2411627,0.1502063,0.8049229,1.5668184,4.9694958,5.8865457,10.4229240
0.0049139,0.1592874,0.1872076,0.4566638,-0.0113613,1.1457368,5.1519909,6.5186257,10.1125603
0.0049195,-0.0337058,0.1626715,-0.0805066,0.5107945,1.1195527,4.7081432,6.7771707,9.4155998
0.0049251,-0.0762778,0.6721319,-0.0847180,0.1660679,0.8473359,4.7444592,7.0488992,8.8795891
0.0049307,0.1232156,0.2918829,0.2404773,0.5391758,0.7855073,4.9253063,6.1288552,8.7176628
0.0049364,0.1808633,0.1956304,-0.1146252,0.6363438,0.9924165,4.7940807,6.7913308,8.3710442
0.0049420,0.0135660,-0.1574579,0.3771350,0.0593784,1.2466279,3.8716562,5.9798074,8.1718864
0.0049476,0.1974649,0.0800299,-0.0983899,0.2733067,0.8953096,4.1042004,6.5762429,7.7502556
0.0049532,0.0547037,0.1583380,0.1310413,0.4117344,1.4120332,3.8388803,6.8263650,7.1688347
0.0049589,0.1529703,0.1380133,0.2010486,0.5771397,1.0994111,3.6781137,6.7477517,6.8667717
0.0049645,0.1196145,0.0503668,0.4339588,0.6088169,1.4003145,3.6415536,6.3953347,7.3709831
0.0049701,-0.0728903,0.2498907,0.3733509,0.8987339,1.8103486,3.4849985,6.1569314,6.9777336
0.0049757,0.2434549,0.4474005,0.3413074,0.4481114,1.3713228,3.7570322,5.8054910,6.3133049
0.0049813,-0.1701804,-0.0938593,0.3154895,0.5047520,1.3719941,3.1479013,5.9837136,6.2084465
0.0049870,0.0862588,0.6347784,0.0240467,0.4753330,1.3387300,3.5358407,6.2130837,5.9627190
0.0049926,-0.1992941,0.1266607,0.1878040,0.6521519,1.3475801,3.4386117,6.0003152,5.6843376
0.0049982,0.1941079,0.2214483,0.0750110,-0.1413662,1.5167695,3.1732919,5.7074685,5.8202019
0.0050038,0.2615213,-0.0568720,0.0189197,0.5478428,0.9913789,3.1131723,5.9192605,5.9990349
0.0050095,0.1958475,0.0026983,0.2767322,0.3826206,1.5101777,3.2434213,5.3361306,5.4351311
0.0050151,0.1036233,-0.1035029,0.0582874,0.5488194,1.5793916,3.3673227,5.4147439,5.0962029
0.0050207,0.1980142,0.0294927,0.3745105,-0.4000332,1.1916353,3.1517465,5.8419900,5.0106926
0.0050263,-0.2107688,0.2646612,-0.0971692,-0.2005703,1.1674043,2.8025033,5.5128884,5.1658440
0.0050319,-0.0626670,0.3849615,0.1750476,0.4600742,1.3112642,2.8534677,5.7693582,4.5781975
0.0050376,0.3166665,0.4486822,0.4580677,0.3987949,0.8732759,2.9486215,5.5420632,4.7775993
0.0050432,0.0680704,-0.2623163,0.3035266,0.0136631,1.2241670,2.8363168,5.3308816,4.4096794
0.0050488,-0.0735617,0.5595220,0.1205432,0.1015537,1.1671602,2.7901132,5.0612283,4.7295036
0.0050544,0.1498269,0.3738531,0.5291126,0.1989658,1.1164399,2.6208627,5.8153787,4.5648308
0.0050601,0.0466165,0.4263433,0.1592395,0.4011143,0.8640596,2.0584848,5.0049539,4.4770012
0.0050657,0.0880594,0.2955450,0.2048328,0.3787144,0.8257905,2.4210336,5.4843240,3.9727900
0.0050713,-0.0389853,-0.1009394,0.4891956,0.4662998,0.9239961,2.7885263,4.8368630,4.1297722
0.0050769,0.0494241,-0.2474848,0.1994007,0.4654453,0.8856660,2.8350351,5.0761209,3.9293940
0.0050825,-0.0529929,-0.1953608,-0.0369885,0.3557652,1.2812349,2.5965097,5.2440896,3.7019160
0.0050882,0.0406045,0.1590704,0.3056629,0.6689976,0.8573457,2.5241830,5.0525613,3.3397334
0.0050938,-0.1574546,0.1766485,0.2873523,0.4923008,0.2283174,2.3882577,4.8175759,3.9249384
0.0050994,-0.0031882,-0.2638422,0.1249378,0.2850865,0.7827607,2.5373056,5.4630837,3.7290156
0.0051050,-0.0741416,0.1961187,0.1066272,0.2943028,0.3725434,2.5260751,5.1334939,3.5404780
0.0051107,0.1649331,0.2371954,0.4140003,0.2743443,0.5928193,2.5131357,5.5150857,3.3693354
0.0051163,0.1763162,0.0052008,-0.2576306,0.3465489,0.7563325,2.3617685,5.0331521,3.4214594
0.0051219,-0.2794943,0.2116217,0.4521472,0.3795689,0.5458223,2.8562753,5.1132302,3.2584956
0.0051275,-0.3091574,0.2331671,0.4334095,0.2154453,0.5810395,2.3985116,5.4248757,3.0436518
0.0051331,0.0769815,0.2765020,0.1501453,0.4558018,0.3458100,2.6968515,5.1721902,3.2371943
0.0051388,-0.2754050,0.1022466,0.2996204,0.3160313,0.3077241,2.7990243,5.2207742,3.0001338
0.0051444,-0.0462180,0.1831182,-0.0624402,0.3479527,0.6588594,2.5922983,5.4464822,2.9394038
0.0051500,0.0082864,0.4730963,0.0439441,0.4111851,0.4180757,1.9747446,6.3299050,2.8228266
0.0051556,-0.1059409,-0.1867548,0.2371814,0.1989048,0.6739961,1.8474252,6.2295632,3.1519282
0.0051613,0.1426248,-0.0347773,0.3357532,0.3486851,0.3359223,1.9992807,6.1352029,3.1729243
0.0051669,0.1224832,0.1047491,0.3944080,0.4509190,0.5471650,1.7096078,6.6448464,3.2981684
0.0051725,-0.1638022,-0.0731684,0.3316028,0.7037876,0.5045015,1.5189340,6.8782449,3.4799311
0.0051781,0.1624612,0.3715948,0.6527088,-0.1659634,0.2397309,1.5045297,7.0763650,2.8954585
0.0051837,0.1987466,-0.3784662,0.4556262,-0.0661709,0.3516084,1.1998422,7.0166726,3.1850092
0.0051894,0.0524454,-0.0367914,0.1442859,0.6816319,0.2550507,1.4837778,6.2101541,2.9834712
0.0051950,-0.1966391,0.1074346,0.1494739,0.5596836,-0.0124053,1.6772592,6.3440652,3.0589106
0.0052006,-0.0954123,0.1127447,0.0334461,0.2825840,-0.2036284,2.0218637,6.6250710,3.0948603
0.0052062,-0.0663596,-0.3827997,0.2312610,0.3505161,-0.1551665,1.6303842,6.4477029,3.0844843
0.0052119,-0.1400595,0.1452764,0.2612293,0.2011631,0.3439790,1.2091196,7.1343484,2.7263300
0.0052175,0.0071878,0.0106939,0.3610218,0.5283726,0.5231172,1.0977304,7.1746316,2.9017451
0.0052231,0.0364847,0.1134161,0.3232410,-0.2418301,-0.0437163,0.5624521,6.6549783,3.1317866
0.0052287,0.0359048,-0.2303949,0.1987903,0.6500767,0.4688569,1.4049814,7.2757058,3.1200068
0.0052343,-0.1246787,0.4660162,0.2192371,0.0530308,0.1349946,1.1864145,6.7296853,3.1056635
0.0052400,0.0672464,-0.0734125,0.0961292,0.3349522,0.7769624,1.1357553,6.5338845,3.1463740
0.0052456,-0.0905295,0.2990240,0.4367664,0.2480381,0.1769868,1.4353158,6.6467996,3.0239985
0.0052512,0.2668619,0.1052374,0.0422351,0.4604405,0.0330049,1.8130624,6.3299050,3.0153925
0.0052568,0.2574014,-0.0891596,0.2743518,-0.0973599,0.5645601,1.9313486,6.1433816,2.9978755
0.0052625,0.1620950,-0.0759150,0.4686878,0.4411533,0.7041475,1.4159677,5.4691873,3.2705805
0.0052681,0.0098428,-0.2224604,0.2228992,0.1762608,-0.1502227,1.6422250,5.9353738,2.9284785
0.0052737,-0.0500022,0.0054449,0.2337635,0.3593052,0.3077241,1.5373056,5.2628884,2.7822993
0.0052793,-0.1464987,-0.1370722,0.2083728,0.3657749,0.1579438,1.5077646,5.5202127,3.1729853
0.0052849,0.0158243,0.1468634,0.1226795,0.4375523,0.2980195,1.3977182,5.1209207,3.2702754
0.0052906,-0.0111533,-0.1252314,-0.2768567,-0.0019009,0.3345796,1.6417367,4.8316140,3.2597163
0.0052962,0.1125039,-0.0374018,0.4038074,0.4951084,0.5098115,1.3568246,5.2912087,3.3628047
0.0053018,0.1560220,-0.3419672,0.2282093,0.5175083,0.1230317,1.1302621,5.0458474,2.9208491
0.0053074,-0.0643149,0.1710333,0.2881458,0.7604282,0.4532319,1.3791635,4.8019509,2.6657832
0.0053131,0.1341104,-0.2195307,-0.1205456,0.4428013,0.6219331,1.4842660,4.9931130,2.7170527
0.0053187,-0.1224204,0.0764288,0.1986682,0.2634190,-0.2153472,1.1186044,4.2562966,2.8266108
0.0053243,0.1874246,0.1741461,0.0220935,0.4211949,0.0875093,1.4303720,4.1044412,2.7926142
0.0053299,-0.0672751,-0.3525873,0.0989978,0.3264683,0.6244355,1.4293954,4.1587625,2.6068842
0.0053356,0.1262979,-0.2483393,0.3740833,0.3547276,0.1153413,1.0091684,3.5116677,2.5986445
0.0053412,0.1310892,-0.3770624,0.4636829,0.0643833,0.4321748,1.2075937,3.5503640,2.8658564
0.0053468,-0.0426169,0.0268682,0.1189563,0.2391880,0.4882661,1.1060922,3.6043191,2.6132319
0.0053524,-0.2523337,0.0355352,0.2423084,0.2119663,0.3699799,1.0891244,4.0817361,2.7816279
0.0053580,-0.2423850,0.2188848,-0.3222668,0.3618687,-0.1943511,0.9253672,4.2606912,2.6419795
0.0053637,0.0651407,0.0822271,-0.1609509,-0.0294277,0.5839692,0.8488901,3.4702859,2.5927851
0.0053693,-0.3687583,0.0297369,-0.0771496,0.3720005,0.2460176,0.9615000,4.7237039,2.4123652
0.0053749,-0.1648093,-0.3531367,-0.1640027,0.6886509,0.1107026,0.9294565,3.5213113,2.8066523
0.0053805,0.1385965,-0.3018061,-0.0861828,0.2977818,0.3515473,0.8600596,3.4047341,2.6565669
0.0053862,-0.1362143,-0.0396601,0.0749500,-0.0934536,0.1854097,0.8321055,4.0663552,2.4304316
0.0053918,-0.2184897,0.1821417,0.1900623,0.2916782,-0.0482329,0.8228281,2.8904519,2.3465083
0.0053974,0.0034036,0.2502569,0.2915027,0.9623325,0.4280244,0.5676401,3.3883767,2.5185664
0.0054030,-0.2255698,-0.6137568,0.1627185,0.2817295,0.2750703,0.7435434,3.3225808,2.3524287
0.0054086,0.1360635,-0.2274653,-0.1790173,0.7524326,0.5784761,0.6536997,3.4705300,2.2546504
0.0054143,-0.0646811,0.4906744,-0.2805798,0.3419712,0.2745210,1.2723520,3.2191873,2.2136347
0.0054199,-0.1676474,-0.0654780,-0.0858166,0.1229771,0.0384980,0.9835947,3.5169168,2.5932124
0.0054255,0.4243020,0.4093145,0.0379016,0.2031162,0.0295869,0.5150278,3.7403054,2.3624384
0.0054311,-0.0550376,-0.0209223,0.4421375,0.0300205,0.4280244,0.7274912,3.6178689,2.3692744
0.0054368,-0.0652609,-0.1019770,0.4186389,0.5297154,0.1057588,0.7179697,3.5348611,2.3153803
0.0054424,0.0315408,-0.2397333,0.0137927,-0.0782558,0.1481172,0.9323252,3.3072000,2.3970454
0.0054480,-0.1365805,-0.3744990,0.2351673,0.7178867,0.4625092,0.5223520,3.1834207,2.4618037
0.0054536,0.2142496,0.0951666,0.3710926,0.4390171,0.2803803,0.6488169,3.4285378,2.4990351
0.0054592,0.1561136,-0.3352534,0.1688221,0.2069004,-0.0565947,0.9130381,3.5869851,2.6907465
0.0054649,0.0959024,0.1911138,0.2156971,0.6171787,0.2209321,0.1800669,2.8554177,2.7673457
0.0054705,0.0722207,-0.0814692,0.5144641,0.4709995,0.1388398,0.7797373,2.8863015,2.7365229
0.0054761,-0.0055380,0.3371710,0.2913196,0.5179356,0.2797700,0.9088266,2.5398660,2.3800776
0.0054817,0.0761575,0.0645269,-0.0007336,0.0284946,0.4362031,0.3680552,2.1201882,2.6400263
0.0054874,0.0810708,0.3369268,0.0393054,-0.1433804,0.0781098,0.2259043,1.8379617,2.6458247
0.0054930,-0.1427756,-0.0234858,-0.1563122,0.4764317,0.3330537,0.5471933,1.5952859,2.4603999
0.0054986,-0.1490927,0.0648321,0.2954700,0.1791294,0.3458711,0.8745859,1.8964334,2.8639643
0.0055042,0.1109475,0.0180181,0.3729236,0.2281406,0.4238740,0.2645395,2.4127908,2.9693720
0.0055098,-0.1870261,-0.0507685,0.2158802,0.0629185,0.4842988,-0.0602896,2.9640603,3.1306269
0.0055155,0.0735025,-0.0454584,0.1051624,0.3199986,0.5541230,0.7707041,2.6967263,3.0976069
0.0055211,-0.2354270,-0.0286127,0.1123035,0.3793858,0.0786592,0.4160898,2.3897195,2.8478510
0.0055267,-0.0013266,0.1456427,-0.1719372,-0.0026943,0.0703584,0.6057871,2.2940164,3.0336421
0.0055323,-0.0580283,0.0370001,0.3782947,0.1267612,0.3828584,0.5026987,1.0608621,3.1231806
0.0055380,-0.1831198,0.0910162,-0.3784192,0.7456577,0.5477144,0.2633799,1.9180398,3.1269648
0.0055436,-0.1712180,-0.1122309,0.4438465,0.2607334,0.0480195,-0.0900137,1.1813455,2.6558955
0.0055492,-0.1899863,-0.1205317,0.2390735,0.3392857,0.3144990,0.4762095,1.6090798,3.0374873
0.0055548,-0.3229209,-0.3160883,-0.0731824,0.4690464,0.3433686,0.6226328,2.1286111,3.4407465
0.0055604,0.2881326,0.0161260,0.1262805,0.0302036,-0.0183257,0.4864634,2.1128640,3.4736445
0.0055661,0.0895242,0.0089239,-0.1110852,0.0935581,0.1627656,0.5723398,1.7404275,2.8139155
0.0055717,0.1504068,-0.3624750,-0.0025647,0.0667637,0.4724580,0.6833628,2.6579080,2.9561884
0.0055773,-0.0366355,-0.1425654,0.1387317,0.1689976,0.6012422,0.7056406,1.5143533,2.5646479
0.0055829,0.0626687,0.0389532,0.0260608,0.3138950,0.2784882,0.3128183,2.3947244,2.7875483
0.0055886,0.0368204,-0.2971064,-0.0364392,0.1073521,0.3220063,-0.0513174,2.5279031,2.5999262
0.0055942,-0.2585593,-0.1902338,0.1813343,0.1527012,0.5588228,0.5023935,2.7293191,2.8015864
0.0055998,0.0696573,-0.0771357,-0.0272839,0.2321690,0.1739350,0.6995371,2.0447488,2.9571650
0.0056054,-0.0540305,-0.1646601,0.0231311,0.4562290,0.1888887,0.3496225,2.4168191,2.5901606
0.0056110,0.0363321,0.3747076,-0.2163098,0.0067051,0.0731660,0.6270884,1.2819314,2.6157954
0.0056167,0.2270669,-0.2225824,-0.0196545,0.3226841,-0.0594024,0.3855112,1.7197976,2.1968501
0.0056223,0.0309305,0.3352178,0.0489490,0.6214512,0.2327729,0.4096811,2.5484109,2.2867548
0.0056279,-0.1001425,-0.0406977,-0.0878308,0.0659092,0.3076020,0.2683848,2.3408914,2.2047846
0.0056335,0.1144571,0.0338262,0.0281970,0.1376865,0.5686494,0.6012095,1.3277078,2.0268061
0.0056392,-0.1061545,-0.3637568,-0.0653088,0.2464512,0.3554536,0.1079233,1.3192849,1.9383050
0.0056448,-0.0228415,-0.0474115,0.2186267,0.1653965,0.0868989,0.0183847,1.3786111,2.2865107
0.0056504,-0.0221091,0.0719732,-0.1705334,0.3323887,0.3236543,0.3497446,1.5717263,1.8791009
0.0056560,-0.1112509,-0.0640131,0.1000965,0.2894810,0.2978364,0.0208262,1.0446267,2.1134760
0.0056616,0.0144815,0.2161993,-0.1154797,-0.4341518,0.3279878,0.3986338,1.9601541,1.9846917
0.0056673,0.3231058,0.0179571,-0.0337536,-0.0086147,0.3831025,0.4610117,0.8777565,1.8697015
0.0056729,0.0194253,0.2425665,-0.1137097,0.3405674,-0.0636748,0.7189463,1.6963601,1.6749383
0.0056785,0.0769815,-0.2102533,0.3552845,0.1402500,-0.0100249,0.0915659,1.6798806,1.9203607
0.0056841,0.3168496,-0.2492548,0.0424182,-0.0581142,0.7544404,0.2199839,0.9569802,1.9471551
0.0056898,-0.3630515,-0.3475214,-0.1604626,0.0577915,0.2511445,0.5719126,1.6189675,1.8186761
0.0056954,-0.3028708,0.1370367,0.0684192,0.1813877,0.5988618,0.3088511,1.0386453,1.6231805
0.0057010,-0.2130271,0.1833013,-0.3062146,0.6923130,0.2389375,-0.0298330,1.3085427,1.8113519
0.0057066,-0.2521811,0.0037969,0.1372058,-0.2929775,0.3137055,0.3994883,0.6741433,1.6690789
0.0057122,0.0312051,0.4127935,-0.0545056,0.2249668,0.5089570,0.5783213,0.5951638,1.4607660
0.0057179,0.1680459,-0.2566401,-0.1260998,-0.1601650,0.1484223,-0.0522329,0.4589333,1.9082757
0.0057235,0.1239480,0.1333136,-0.0330212,0.4392613,0.4371186,0.2822397,0.7604470,1.6520501
0.0057291,0.0959634,-0.0732294,0.3884876,-0.0979702,0.2171479,0.0755137,1.0930886,1.3026239
0.0057347,-0.0562888,0.0785040,-0.1990368,0.3206699,0.0885468,0.3789194,1.1465554,1.4734002
0.0057404,-0.2072592,0.3346685,0.0172718,-0.1763393,0.3853608,0.3148935,0.8594460,1.3308831
0.0057460,0.2813272,0.1505865,0.1488025,0.4025181,-0.4088286,0.3896006,0.7179665,1.5835687
0.0057516,-0.1140280,0.0045904,-0.1447766,0.2618931,0.2797700,0.2423838,1.6065164,1.4306756
